#MariaDB多個外鍵進行級聯更新級聯刪除

MariaDB中InnoDB外鍵(`foreign keys`)存儲在數據表`information_schema.INNODB_SYS_FOREIGN`中


1. [查詢數據表](#query-table)
2. [創建外鍵約束](#創建外鍵約束)
3. [級聯刪除](#級聯刪除)
4. [級聯更新](#級聯更新)
5. [之前相關Blog](#之前相關blog)
6. [參考資料](#參考資料)



<span id="query-table"></span>
查詢數據表`information_schema.INNODB_SYS_FOREIGN`，各字段解釋[[鏈接](https://mariadb.com/kb/en/mariadb/information-schema-innodb_sys_foreign-table/)]

```sql
//查詢表information_schema.INNODB_SYS_FOREIGN中數據
MariaDB [isnapp]> SELECT * FROM information_schema.INNODB_SYS_FOREIGN\G    
Empty set (0.00 sec)

//查看表information_schema.INNODB_SYS_FOREIGN各字段信息
MariaDB [isnapp]> desc information_schema.INNODB_SYS_FOREIGN;          
+----------+------------------+------+-----+---------+-------+
| Field    | Type             | Null | Key | Default | Extra |
+----------+------------------+------+-----+---------+-------+
| ID       | varchar(193)     | NO   |     |         |       |
| FOR_NAME | varchar(193)     | NO   |     |         |       |
| REF_NAME | varchar(193)     | NO   |     |         |       |
| N_COLS   | int(11) unsigned | NO   |     | 0       |       |
| TYPE     | int(11) unsigned | NO   |     | 0       |       |
+----------+------------------+------+-----+---------+-------+
5 rows in set (0.00 sec)

//查看表information_schema.INNODB_SYS_FOREIGN建表語句
MariaDB [isnapp]> show create table information_schema.INNODB_SYS_FOREIGN\G
*************************** 1. row ***************************
       Table: INNODB_SYS_FOREIGN
Create Table: CREATE TEMPORARY TABLE `INNODB_SYS_FOREIGN` (
  `ID` varchar(193) NOT NULL DEFAULT '',
  `FOR_NAME` varchar(193) NOT NULL DEFAULT '',
  `REF_NAME` varchar(193) NOT NULL DEFAULT '',
  `N_COLS` int(11) unsigned NOT NULL DEFAULT '0',
  `TYPE` int(11) unsigned NOT NULL DEFAULT '0'
) ENGINE=MEMORY DEFAULT CHARSET=utf8
1 row in set (0.00 sec)

MariaDB [isnapp]>
```

####創建外鍵約束
```sql
Last login: Mon Sep 28 10:59:08 2015 from 192.168.30.58
//切換爲root用戶
[flying@localhost ~]$ su
Password:
//登入數據庫，直接進入數據庫isnapp中
[root@localhost flying]# mysql -uroot -p -D isnapp
Enter password:
Reading table information for completion of table and column names
You can turn off this feature to get a quicker startup with -A

Welcome to the MariaDB monitor.  Commands end with ; or \g.
Your MariaDB connection id is 7
Server version: 10.1.7-MariaDB MariaDB Server

Copyright (c) 2000, 2015, Oracle, MariaDB Corporation Ab and others.

Type 'help;' or '\h' for help. Type '\c' to clear the current input statement.

//查詢表information_schema.INNODB_SYS_FOREIGN中數據
MariaDB [isnapp]> SELECT * FROM information_schema.INNODB_SYS_FOREIGN\G
Empty set (0.00 sec)

//創建外鍵約束，報錯
MariaDB [isnapp]> alter table match_log add foreign key (match_id) references match_history(id);
ERROR 1452 (23000): Cannot add or update a child row: a foreign key constraint fails (`isnapp`.`#sql-7e0_7`, CONSTRAINT `#sql-7e0_7_ibfk_1` FOREIGN KEY (`match_id`) REFERENCES `match_history` (`id`))

//查看變量foreign_key_checks狀態值
MariaDB [isnapp]> show variables like '%foreign%';
+--------------------+-------+
| Variable_name      | Value |
+--------------------+-------+
| foreign_key_checks | ON    |
+--------------------+-------+
1 row in set (0.00 sec)

//設爲0，關閉外鍵約束檢查
MariaDB [isnapp]> set foreign_key_checks=0;
Query OK, 0 rows affected (0.00 sec)

//再次查看變量foreign_key_checks狀態值
MariaDB [isnapp]> show variables like '%foreign%';
+--------------------+-------+
| Variable_name      | Value |
+--------------------+-------+
| foreign_key_checks | OFF   |
+--------------------+-------+
1 row in set (0.00 sec)

//創建外鍵約束
MariaDB [isnapp]> alter table match_log add foreign key (match_id) references match_history(id) on delete cascade on update cascade;
Query OK, 0 rows affected (0.05 sec)
Records: 0  Duplicates: 0  Warnings: 0

//創建外鍵約束
MariaDB [isnapp]> alter table match_hrs_log add foreign key (mid) references match_history(id) on delete cascade on update cascade;
Query OK, 0 rows affected (0.06 sec)
Records: 0  Duplicates: 0  Warnings: 0

//創建外鍵約束
MariaDB [isnapp]> alter table match_history add foreign key (gid) references member(id) on delete cascade on update cascade;
Query OK, 0 rows affected (0.05 sec)
Records: 0  Duplicates: 0  Warnings: 0

//查詢表information_schema.INNODB_SYS_FOREIGN中數據
MariaDB [isnapp]> SELECT * FROM information_schema.INNODB_SYS_FOREIGN\G
*************************** 1. row ***************************
      ID: isnapp/match_history_ibfk_1
FOR_NAME: isnapp/match_history
REF_NAME: isnapp/member
  N_COLS: 1
    TYPE: 5
*************************** 2. row ***************************
      ID: isnapp/match_hrs_log_ibfk_1
FOR_NAME: isnapp/match_hrs_log
REF_NAME: isnapp/match_history
  N_COLS: 1
    TYPE: 5
*************************** 3. row ***************************
      ID: isnapp/match_log_ibfk_1
FOR_NAME: isnapp/match_log
REF_NAME: isnapp/match_history
  N_COLS: 1
    TYPE: 5
3 rows in set (0.00 sec)

//設爲1，再次開啓外鍵約束檢查
MariaDB [isnapp]> set foreign_key_checks=1;                                                     
Query OK, 0 rows affected (0.00 sec)

//再次查看變量foreign_key_checks狀態值，已經開啓
MariaDB [isnapp]> show variables like '%foreign%';                                              
+--------------------+-------+
| Variable_name      | Value |
+--------------------+-------+
| foreign_key_checks | ON    |
+--------------------+-------+
1 row in set (0.00 sec)

MariaDB [isnapp]>
```

---

####級聯刪除
刪除userid=3429的相關數據

```sql
//聯表查詢，userid=3429
MariaDB [isnapp]> select a.id as userid,a.account as username,count(distinct(b.id)) as matchHistory,count(c.id) as REC,count(d.id) as HRS from member a join match_history b on a.id=b.gid left join match_log c on b.id=c.match_id left join match_hrs_log d on b.id=d.mid group by userid order by HRS desc limit 12;
+--------+----------------------------------+--------------+------+-------+
| userid | username                         | matchHistory | REC  | HRS   |
+--------+----------------------------------+--------------+------+-------+
|     59 | a4d2f177eb466a7d08f8f2b340b77129 |         6572 | 1675 | 14277 |
|  56974 | ogGO5t125lTqoqdK71iJvKX54cmU     |         2684 |  986 |  7718 |
|   6780 | 7eee494ac83c313bd165efc5cc039edd |         1760 |  101 |  6448 |
|  16969 | 001ae3c483f26767b2f3cba91fb05ef0 |         1849 |  586 |  4900 |
|   3429 | ogGO5t7vR2U9Yc8PYFB5y_UG1pbM     |         1119 |  177 |  4276 |
|   2673 | 39004181d00439d0196d7f26c21eabc8 |         1304 |    1 |  3561 |
|  86293 | ogGO5t5jPno7Bm0bnp4iENSutyao     |          741 |    2 |  3315 |
|  40248 | ogGO5txQhefSyUjFTU2MjatSBa-I     |          539 |   13 |  2475 |
| 102430 | ogGO5t0FQxf_FF3urnM6b0LinXUg     |          640 |   31 |  2288 |
|  19956 | ogGO5t2q0uBR_nnoDVRnC_wBDdQE     |          392 |    0 |  1771 |
|    217 | ogGO5txCM198CoeD1TbjJU41ego4     |          458 |   61 |  1568 |
|     42 | 80ba0cb7c386fa5a8026515acc7e84d9 |         1274 |  594 |  1499 |
+--------+----------------------------------+--------------+------+-------+
12 rows in set (1.54 sec)

//查詢表match_history.gid=3429的相關數據
MariaDB [isnapp]> select count(distinct(a.id)) as matchHistory,count(b.id) as REC,count(c.id) as HRS from  match_history a left join match_log b on a.id=b.match_id left join match_hrs_log c on a.id=c.mid where a.gid=3429;                 +--------------+-----+------+
| matchHistory | REC | HRS  |
+--------------+-----+------+
|         1119 | 177 | 4276 |
+--------------+-----+------+
1 row in set (0.03 sec)

//查詢表match_history.gid=3429的數據條數
MariaDB [isnapp]> select count(*) from match_history where gid=3429;
+----------+
| count(*) |
+----------+
|     1119 |
+----------+
1 row in set (0.00 sec)

//查詢表member.id=3429的相關信息
MariaDB [isnapp]> select id,account from member where id=3429;
+------+------------------------------+
| id   | account                      |
+------+------------------------------+
| 3429 | ogGO5t7vR2U9Yc8PYFB5y_UG1pbM |
+------+------------------------------+
1 row in set (0.00 sec)

//在表member中刪除id=3429的數據
MariaDB [isnapp]> delete from member where id=3429;
Query OK, 1 row affected (0.71 sec)

//再次查詢表member中id=3429的數據，爲空，已經被刪除
MariaDB [isnapp]> select id,account from member where id=3429;
Empty set (0.00 sec)

//再次查詢表match_history中gid=3429的數據，爲空，已經被刪除
MariaDB [isnapp]> select count(*) from match_history where gid=3429;     
+----------+
| count(*) |
+----------+
|        0 |
+----------+
1 row in set (0.00 sec)

//再次聯表查詢表match_history.gid=3429的數據，爲空，已經被刪除
MariaDB [isnapp]> select count(distinct(a.id)) as matchHistory,count(b.id) as REC,count(c.id) as HRS from  match_history a left join match_log b on a.id=b.match_id left join match_hrs_log c on a.id=c.mid where a.gid=3429;
+--------------+-----+-----+
| matchHistory | REC | HRS |
+--------------+-----+-----+
|            0 |   0 |   0 |
+--------------+-----+-----+
1 row in set (0.00 sec)

//再次聯表查詢，已經沒有userid=3429的數據
MariaDB [isnapp]> select a.id as userid,a.account as username,count(distinct(b.id)) as matchHistory,count(c.id) as REC,count(d.id) as HRS from member a join match_history b on a.id=b.gid left join match_log c on b.id=c.match_id left join match_hrs_log d on b.id=d.mid group by userid order by HRS desc limit 12;
+--------+----------------------------------+--------------+------+-------+
| userid | username                         | matchHistory | REC  | HRS   |
+--------+----------------------------------+--------------+------+-------+
|     59 | a4d2f177eb466a7d08f8f2b340b77129 |         6572 | 1675 | 14277 |
|  56974 | ogGO5t125lTqoqdK71iJvKX54cmU     |         2684 |  986 |  7718 |
|   6780 | 7eee494ac83c313bd165efc5cc039edd |         1760 |  101 |  6448 |
|  16969 | 001ae3c483f26767b2f3cba91fb05ef0 |         1849 |  586 |  4900 |
|   2673 | 39004181d00439d0196d7f26c21eabc8 |         1304 |    1 |  3561 |
|  86293 | ogGO5t5jPno7Bm0bnp4iENSutyao     |          741 |    2 |  3315 |
|  40248 | ogGO5txQhefSyUjFTU2MjatSBa-I     |          539 |   13 |  2475 |
| 102430 | ogGO5t0FQxf_FF3urnM6b0LinXUg     |          640 |   31 |  2288 |
|  19956 | ogGO5t2q0uBR_nnoDVRnC_wBDdQE     |          392 |    0 |  1771 |
|    217 | ogGO5txCM198CoeD1TbjJU41ego4     |          458 |   61 |  1568 |
|     42 | 80ba0cb7c386fa5a8026515acc7e84d9 |         1274 |  594 |  1499 |
|  40907 | ogGO5t9NGy6qUqADIdVU9jTwzjcE     |          284 |    8 |  1363 |
+--------+----------------------------------+--------------+------+-------+
12 rows in set (1.55 sec)

MariaDB [isnapp]
```

---

####級聯更新
將userid=59更替爲88888888

```sql
//聯表查詢，userid=59
MariaDB [isnapp]> select a.id as userid,a.account as username,count(distinct(b.id)) as matchHistory,count(c.id) as REC,count(d.id) as HRS from member a join match_history b on a.id=b.gid left join match_log c on b.id=c.match_id left join match_hrs_log d on b.id=d.mid group by userid order by HRS desc limit 12;
+--------+----------------------------------+--------------+------+-------+
| userid | username                         | matchHistory | REC  | HRS   |
+--------+----------------------------------+--------------+------+-------+
|     59 | a4d2f177eb466a7d08f8f2b340b77129 |         6572 | 1675 | 14277 |
|  56974 | ogGO5t125lTqoqdK71iJvKX54cmU     |         2684 |  986 |  7718 |
|   6780 | 7eee494ac83c313bd165efc5cc039edd |         1760 |  101 |  6448 |
|  16969 | 001ae3c483f26767b2f3cba91fb05ef0 |         1849 |  586 |  4900 |
|   2673 | 39004181d00439d0196d7f26c21eabc8 |         1304 |    1 |  3561 |
|  86293 | ogGO5t5jPno7Bm0bnp4iENSutyao     |          741 |    2 |  3315 |
|  40248 | ogGO5txQhefSyUjFTU2MjatSBa-I     |          539 |   13 |  2475 |
| 102430 | ogGO5t0FQxf_FF3urnM6b0LinXUg     |          640 |   31 |  2288 |
|  19956 | ogGO5t2q0uBR_nnoDVRnC_wBDdQE     |          392 |    0 |  1771 |
|    217 | ogGO5txCM198CoeD1TbjJU41ego4     |          458 |   61 |  1568 |
|     42 | 80ba0cb7c386fa5a8026515acc7e84d9 |         1274 |  594 |  1499 |
|  40907 | ogGO5t9NGy6qUqADIdVU9jTwzjcE     |          284 |    8 |  1363 |
+--------+----------------------------------+--------------+------+-------+
12 rows in set (1.55 sec)

//查詢表match_history.gid=59的數據
MariaDB [isnapp]> select count(distinct(a.id)) as matchHistory,count(b.id) as REC,count(c.id) as HRS from  match_history a left join match_log b on a.id=b.match_id left join match_hrs_log c on a.id=c.mid where a.gid=59;
+--------------+------+-------+
| matchHistory | REC  | HRS   |
+--------------+------+-------+
|         6572 | 1675 | 14277 |
+--------------+------+-------+
1 row in set (0.09 sec)

//查詢表match_history中gid=59的數據條數
MariaDB [isnapp]> select count(*) from match_history where gid=59;
+----------+
| count(*) |
+----------+
|     6572 |
+----------+
1 row in set (0.01 sec)

//查詢表match_history中gid=88888888的數據條數，現在爲0
MariaDB [isnapp]> select count(*) from match_history where gid=88888888;
+----------+
| count(*) |
+----------+
|        0 |
+----------+
1 row in set (0.00 sec)

//查詢表match_history.gid=88888888的數據，現在爲0
MariaDB [isnapp]> select count(distinct(a.id)) as matchHistory,count(b.id) as REC,count(c.id) as HRS from  match_history a left join match_log b on a.id=b.match_id left join match_hrs_log c on a.id=c.mid where a.gid=88888888;
+--------------+-----+-----+
| matchHistory | REC | HRS |
+--------------+-----+-----+
|            0 |   0 |   0 |
+--------------+-----+-----+
1 row in set (0.00 sec)

//在表member中查詢id=88888888的數據，爲空，即不存在id=88888888的數據
MariaDB [isnapp]> select id,account from member where id=88888888;                                                     Empty set (0.00 sec)

//查詢表member中id=59的數據
MariaDB [isnapp]> select id,account from member where id=59;
+----+----------------------------------+
| id | account                          |
+----+----------------------------------+
| 59 | a4d2f177eb466a7d08f8f2b340b77129 |
+----+----------------------------------+
1 row in set (0.00 sec)

//將表member中id=59的id字段更新爲88888888
MariaDB [isnapp]> update member set id=88888888 where id=59;
Query OK, 1 row affected (0.27 sec)
Rows matched: 1  Changed: 1  Warnings: 0

//再次查詢表member中id=59的數據，爲空，即已經被成功更替
MariaDB [isnapp]> select id,account from member where id=59;
Empty set (0.00 sec)

//再次查詢表member中id=88888888的數據，account數據爲之前id=59的數據
MariaDB [isnapp]> select id,account from member where id=88888888;                                                     +----------+----------------------------------+
| id       | account                          |
+----------+----------------------------------+
| 88888888 | a4d2f177eb466a7d08f8f2b340b77129 |
+----------+----------------------------------+
1 row in set (0.01 sec)

//查詢表match_history中gid=88888888的數據條數，現在不爲空，是之前gid=59的數據值
MariaDB [isnapp]> select count(*) from match_history where gid=88888888;                                               +----------+
| count(*) |
+----------+
|     6572 |
+----------+
1 row in set (0.01 sec)

//查詢表match_history.gid=88888888的相關數據，現在不爲空，是之前gid=59的數據值
MariaDB [isnapp]> select count(distinct(a.id)) as matchHistory,count(b.id) as REC,count(c.id) as HRS from  match_history a left join match_log b on a.id=b.match_id left join match_hrs_log c on a.id=c.mid where a.gid=88888888;
+--------------+------+-------+
| matchHistory | REC  | HRS   |
+--------------+------+-------+
|         6572 | 1675 | 14277 |
+--------------+------+-------+
1 row in set (0.08 sec)

//再次聯表查詢，第一條數據userid已經更替爲88888888
MariaDB [isnapp]> select a.id as userid,a.account as username,count(distinct(b.id)) as matchHistory,count(c.id) as REC,count(d.id) as HRS from member a join match_history b on a.id=b.gid left join match_log c on b.id=c.match_id left join match_hrs_log d on b.id=d.mid group by userid order by HRS desc limit 12;
+----------+----------------------------------+--------------+------+-------+
| userid   | username                         | matchHistory | REC  | HRS   |
+----------+----------------------------------+--------------+------+-------+
| 88888888 | a4d2f177eb466a7d08f8f2b340b77129 |         6572 | 1675 | 14277 |
|    56974 | ogGO5t125lTqoqdK71iJvKX54cmU     |         2684 |  986 |  7718 |
|     6780 | 7eee494ac83c313bd165efc5cc039edd |         1760 |  101 |  6448 |
|    16969 | 001ae3c483f26767b2f3cba91fb05ef0 |         1849 |  586 |  4900 |
|     2673 | 39004181d00439d0196d7f26c21eabc8 |         1304 |    1 |  3561 |
|    86293 | ogGO5t5jPno7Bm0bnp4iENSutyao     |          741 |    2 |  3315 |
|    40248 | ogGO5txQhefSyUjFTU2MjatSBa-I     |          539 |   13 |  2475 |
|   102430 | ogGO5t0FQxf_FF3urnM6b0LinXUg     |          640 |   31 |  2288 |
|    19956 | ogGO5t2q0uBR_nnoDVRnC_wBDdQE     |          392 |    0 |  1771 |
|      217 | ogGO5txCM198CoeD1TbjJU41ego4     |          458 |   61 |  1568 |
|       42 | 80ba0cb7c386fa5a8026515acc7e84d9 |         1274 |  594 |  1499 |
|    40907 | ogGO5t9NGy6qUqADIdVU9jTwzjcE     |          284 |    8 |  1363 |
+----------+----------------------------------+--------------+------+-------+
12 rows in set (1.51 sec)

MariaDB [isnapp]>
```
---

####之前相關Blog
[MariaDB外鍵級聯更新、級聯刪除](http://qingtianjiedu.com/blog/mariadb-foreign-key-on-delete-cacsadeon-update-cacsade/)
[MariaDB報錯ERROR 1452 (23000): Cannot add or update a child row: a foreign key constraint fails](http://qingtianjiedu.com/blog/mariadb-error-cannot-add-or-update-a-child-row-a-foreign-key-constraint-fails/)

---

####參考資料
* [Information Schema INNODB_SYS_FOREIGN Table](https://mariadb.com/kb/en/mariadb/information-schema-innodb_sys_foreign-table/)
* [Information Schema KEY_COLUMN_USAGE Table](https://mariadb.com/kb/en/mariadb/information-schema-key_column_usage-table/)
* [Constraint_type — FOREIGN KEY Constraint](https://mariadb.com/kb/en/sql-99/constraint_type-foreign-key-constraint/)
* [How to Temporarily Disable Foreign Key Checks in MySQL](http://tecadmin.net/temporarily-disable-foreign-key-checks-in-mysql/)



---
**Note Time**：2015.09.28 12:20 Monday 上海 慧谷

---

`Blog Url`:<http://qingtianjiedu.com/blog/mariadb-multiple-foreign-keys-operate-on-delete-cascade-on-update-cascade/>
`Release Time`:2015-09-28
`BackUpTime`:2015.11.08 14:32
