#MariaDB函數IFNULL

MariaDB中`IFNULL`函數的作用類似於三元運算符，針對該字段值是否是NULL，格式`IFNULL(expr1,expr2)`
>如果expr1不是NULL，則返回expr1；
如果expr1是NULL，則返回expr2。

擎天節度個人感覺非常適用於`group by … with rollup`形式的SQL語句


使用`with rollup`對分組的數據求和時，默認sum這一項的名稱時NULL，開發中不是很方便，尤其是分組字段中存在值NULL的時候
(注意：如果分組字段中有名稱是null的值時，則會將該名稱也替換掉，即要替換的參數值會出現2次)

```sql
//查詢表match_history中數據條數
MariaDB [isnapp]> select count(*) from match_history;
+----------+
| count(*) |
+----------+
|   184939 |
+----------+
1 row in set (0.07 sec)

//使用表match_history中字段souce進行分組計算，不求和
MariaDB [isnapp]> select source,count(id) as count from match_history group by source;
+--------+--------+
| source | count  |
+--------+--------+
|      0 |   4015 |
|      1 |  13517 |
|      5 |   2113 |
|      6 | 146598 |
|      7 |   9684 |
|      8 |   7677 |
|      9 |   1282 |
|     10 |     53 |
+--------+--------+
8 rows in set (0.04 sec)

//使用表match_history中字段souce進行分組計算，with rollup求和，可以看到名稱是NULL
MariaDB [isnapp]> select source,count(id) as count from match_history group by source with rollup;
+--------+--------+
| source | count  |
+--------+--------+
|      0 |   4015 |
|      1 |  13517 |
|      5 |   2113 |
|      6 | 146598 |
|      7 |   9684 |
|      8 |   7677 |
|      9 |   1282 |
|     10 |     53 |
|   NULL | 184939 |
+--------+--------+
9 rows in set (0.09 sec)

//使用了函數IFNULL，當參數source的值是NULL時，自動變成'total'
//注意：此處source是字段，不能用引號引起來，不然會出錯
MariaDB [isnapp]> select IFNULL(source,'total') as class,count(id) as count from match_history group by source with rollup;
+-------+--------+
| class | count  |
+-------+--------+
| 0     |   4015 |
| 1     |  13517 |
| 5     |   2113 |
| 6     | 146598 |
| 7     |   9684 |
| 8     |   7677 |
| 9     |   1282 |
| 10    |     53 |
| total | 184939 |
+-------+--------+
9 rows in set (0.08 sec)

//此處source使用引號引起來，整個數據庫全部變成了source
MariaDB [isnapp]> select IFNULL('source','total') as class,count(id) as count from match_history group by source with rollup;
+--------+--------+
| class  | count  |
+--------+--------+
| source |   4015 |
| source |  13517 |
| source |   2113 |
| source | 146598 |
| source |   9684 |
| source |   7677 |
| source |   1282 |
| source |     53 |
| source | 184939 |
+--------+--------+
9 rows in set (0.09 sec)

MariaDB [isnapp]>
```

####參考資料
[IFNULL](https://mariadb.com/kb/en/mariadb/ifnull/)
[IFNULL Function](http://www.techonthenet.com/mariadb/functions/ifnull.php)
[mysql/mariadb: ifnull changes collation](http://dba.stackexchange.com/questions/55552/mysql-mariadb-ifnull-changes-collation)


---
**Note Time**：2015.08.27 17:12 Thursday 上海 慧谷

---

`Blog Url`:<http://qingtianjiedu.com/blog/mariadb-function-ifnull/>
`Release Time`:2015-08-27
`BackUpTime`:2015.11.08 13:02
