#MariaDB使用管道符進行跨庫、跨服務器的表複製

在拜讀[Paul DuBois](http://www.oreilly.com/pub/au/330)的[[MySQL CookBook 3rd](http://shop.oreilly.com/product/0636920032274.do)]時，看到`4.6. Copying a Table Using mysqldump`，使用`mysqldump`命令複製表。
其中講到通過管道符`|`連接`mysqldump`和`mysql`命令實現跨庫、跨服務器複製表操作，擎天節度經過測試，確實便捷、高效。

[TOC]

---

##準備工作
在本地MariaDB中創建空數據庫pipe_test

```sql
//連接服務器
[root@localhost flying]# mysql -uroot -p
Enter password:
Welcome to the MariaDB monitor.  Commands end with ; or \g.
Your MariaDB connection id is 11
Server version: 10.1.7-MariaDB MariaDB Server

Copyright (c) 2000, 2015, Oracle, MariaDB Corporation Ab and others.

Type 'help;' or '\h' for help. Type '\c' to clear the current input statement.

//列出所有數據庫
MariaDB [(none)]> show databases;
+--------------------+
| Database           |
+--------------------+
| bi                 |
| diysystem          |
| ds                 |
| information_schema |
| isnapp             |
| mysql              |
| performance_schema |
+--------------------+
7 rows in set (0.00 sec)

//創建新數據庫pipe_test
MariaDB [(none)]> create database if not exists pipe_test;
Query OK, 1 row affected (0.01 sec)

//再次列出數據庫，數據庫pipe_test創建成功
MariaDB [(none)]> show databases;                         
+--------------------+
| Database           |
+--------------------+
| bi                 |
| diysystem          |
| ds                 |
| information_schema |
| isnapp             |
| mysql              |
| performance_schema |
| pipe_test          |
+--------------------+
8 rows in set (0.00 sec)

//切換到數據庫pipe_test
MariaDB [(none)]> use pipe_test;
Database changed

//顯示其中數據表，爲空
MariaDB [pipe_test]> show tables;
Empty set (0.00 sec)

MariaDB [pipe_test]>
```


##跨庫
本地數據庫，複製`isnapp.match_history`到pipe_test中
```sql
MariaDB [pipe_test]> Ctrl-C -- exit!
Aborted
//複製命令（此處xxx代表帳號信息）
[root@localhost flying]# mysqldump -uxxx -pxxx isnapp match_history | mysql -uxxx -pxxx pipe_test
//進入數據庫pipe_test
[root@localhost flying]# mysql -uroot -p -D pipe_test
Enter password:
Reading table information for completion of table and column names
You can turn off this feature to get a quicker startup with -A

Welcome to the MariaDB monitor.  Commands end with ; or \g.
Your MariaDB connection id is 19
Server version: 10.1.7-MariaDB MariaDB Server

Copyright (c) 2000, 2015, Oracle, MariaDB Corporation Ab and others.

Type 'help;' or '\h' for help. Type '\c' to clear the current input statement.

//列出數據表，已經有表match_history
MariaDB [pipe_test]> show tables;
+---------------------+
| Tables_in_pipe_test |
+---------------------+
| match_history       |
+---------------------+
1 row in set (0.01 sec)

//計算表中記錄數
MariaDB [pipe_test]> select count(*) from match_history;
+----------+
| count(*) |
+----------+
|   188361 |
+----------+
1 row in set (0.07 sec)

//計算數據庫isnapp中表match_history的記錄數，上面數據與之一致
MariaDB [pipe_test]> select count(*) from isnapp.match_history;
+----------+
| count(*) |
+----------+
|   188361 |
+----------+
1 row in set (0.10 sec)

MariaDB [pipe_test]>
```

###此前掌握的方法[[鏈接](http://qingtianjiedu.com/blog/two-usage-about-rename-table-in-mariadb/)]

```sql
//承接上面的代碼
MariaDB [pipe_test]> show tables;
+---------------------+
| Tables_in_pipe_test |
+---------------------+
| match_history       |
+---------------------+
1 row in set (0.00 sec)

//刪除數據庫pipe_test中的表match_history
MariaDB [pipe_test]> drop table match_history;
Query OK, 0 rows affected (0.14 sec)

//列出數據表，已經爲空
MariaDB [pipe_test]> show tables;
Empty set (0.00 sec)

//將定界符由分號;替換爲&&
MariaDB [pipe_test]> delimiter &&
MariaDB [pipe_test]> create table if not exists isnapp.match_history1 like isnapp.match_history;
    -> insert into isnapp.match_history1 select * from isnapp.match_history;
    -> rename table isnapp.match_history1 to pipe_test.match_history_new;
    -> &&
Query OK, 0 rows affected (0.09 sec)

Query OK, 188361 rows affected (14.02 sec)
Records: 188361  Duplicates: 0  Warnings: 0

Query OK, 0 rows affected (14.03 sec)

//將定界符交還給分號；
MariaDB [pipe_test]> delimiter ;
//列出表，表match_history_new已經存在
MariaDB [pipe_test]> show tables;
+---------------------+
| Tables_in_pipe_test |
+---------------------+
| match_history_new   |
+---------------------+
1 row in set (0.00 sec)

//計算表match_history_new中記錄數
MariaDB [pipe_test]> select count(*) from match_history_new;
+----------+
| count(*) |
+----------+
|   188361 |
+----------+
1 row in set (0.07 sec)

//計算isnapp.match_history中記錄數，上面數據一致相符
MariaDB [pipe_test]> select count(*) from isnapp.match_history;
+----------+
| count(*) |
+----------+
|   188361 |
+----------+
1 row in set (0.09 sec)

MariaDB [pipe_test]>
```

##跨服務器
從遠程服務器複製表到本地數據庫中
```sql
//刪除表isnapp.match_history1
MariaDB [pipe_test]> drop table if exists isnapp.match_history1;
Query OK, 0 rows affected, 1 warning (0.00 sec)

//刪除數據庫pipe_test中表match_history_new
MariaDB [pipe_test]> drop table if exists match_history_new;    
Query OK, 0 rows affected (0.12 sec)

//列出表，已經爲空
MariaDB [pipe_test]> show tables;
Empty set (0.00 sec)

//退出MariaDB連接
MariaDB [pipe_test]> Ctrl-C -- exit!
Aborted
//遠程複製命令，其中xxx代表相關帳號信息
[root@localhost flying]# mysqldump -uxxx -p -hxxx -Pxxx isnapp match_history | mysql -uxxx -pxxx pipe_test
Enter password:

//登錄數據庫
[root@localhost flying]# mysql -uroot -p -D pipe_test
Enter password:
Reading table information for completion of table and column names
You can turn off this feature to get a quicker startup with -A

Welcome to the MariaDB monitor.  Commands end with ; or \g.
Your MariaDB connection id is 27
Server version: 10.1.7-MariaDB MariaDB Server

Copyright (c) 2000, 2015, Oracle, MariaDB Corporation Ab and others.

Type 'help;' or '\h' for help. Type '\c' to clear the current input statement.

//列出表，已經有表match_hisotry
MariaDB [pipe_test]> show tables;
+---------------------+
| Tables_in_pipe_test |
+---------------------+
| match_history       |
+---------------------+
1 row in set (0.00 sec)

//計算表中記錄數
MariaDB [pipe_test]> select count(*) from match_history;
+----------+
| count(*) |
+----------+
|   460547 |
+----------+
1 row in set (0.12 sec)

//表中數據最新入庫數據
MariaDB [pipe_test]> select id,FROM_UNIXTIME(create_time) as time from match_history order by id desc limit 5;  
+--------+---------------------+
| id     | time                |
+--------+---------------------+
| 461000 | 2015-10-12 15:32:13 |
| 460999 | 2015-10-12 15:32:03 |
| 460998 | 2015-10-12 15:18:41 |
| 460997 | 2015-10-12 15:18:29 |
| 460996 | 2015-10-12 15:18:19 |
+--------+---------------------+
5 rows in set (0.00 sec)

MariaDB [pipe_test]>
```

---
**Note Time**：2015.10.12 15:45 Monday 上海 慧谷

---

`Blog Url`:<http://qingtianjiedu.com/blog/use-pipe-copy-tables-between-databases-or-servers-in-mariadb/>
`Release Time`:2015-10-12
`BackUpTime`:2015.11.08 18:35
