#MariaDB使用mysql_tzinfo_to_sql導系統時區文件入庫

在拜讀[Paul DuBois](http://www.oreilly.com/pub/au/330)的[[MySQL CookBook 3rd](http://shop.oreilly.com/product/0636920032274.do)]時，看到[6.5. Shifting Temporal Values Between Time Zones]。TIMESTAMP數據類型時間值(temproal value)在不同時區下數值顯示不一樣，可使用函數[CONVERT_TZ](https://mariadb.com/kb/en/mariadb/convert_tz/)進行轉換，使之與對應時區相符。

文檔[Time Zones](https://mariadb.com/kb/en/mariadb/time-zones/)中Time zone effects部分提到：函數`NOW()`、`CURTIME()`、`UNIX_TIMESTAMP()`受時區設置（time zone settings）影響，從TIMESTAMP columns中存取數據也是。TIMESTAMP columns存時轉成UTC時間，取出時再轉換回去。

---
[TOC]

---
##書中實例
[MySQL CookBook 3rd](http://shop.oreilly.com/product/0636920032274.do) P190中實例：

```sql
//使用time zone name
mysql> SET @dt = '2014-11-23 09:00:00';
mysql> SELECT @dt AS Chicago,
-> CONVERT_TZ(@dt,'US/Central','Europe/Berlin') AS Berlin,
-> CONVERT_TZ(@dt,'US/Central','Europe/London') AS London,
-> CONVERT_TZ(@dt,'US/Central','America/Edmonton') AS Edmonton,
-> CONVERT_TZ(@dt,'US/Central','Australia/Brisbane') AS Brisbane\G
*************************** 1. row ***************************
Chicago: 2014-11-23 09:00:00
Berlin: 2014-11-23 16:00:00
London: 2014-11-23 15:00:00
Edmonton: 2014-11-23 08:00:00
Brisbane: 2014-11-24 01:00:00

//使用numeric time zones
mysql> SELECT @dt AS Chicago,
-> CONVERT_TZ(@dt,'-06:00','+01:00') AS Berlin,
-> CONVERT_TZ(@dt,'-06:00','+00:00') AS London,
-> CONVERT_TZ(@dt,'-06:00','-07:00') AS Edmonton,
-> CONVERT_TZ(@dt,'-06:00','+10:00') AS Brisbane\G
*************************** 1. row ***************************
Chicago: 2014-11-23 09:00:00
Berlin: 2014-11-23 16:00:00
London: 2014-11-23 15:00:00
Edmonton: 2014-11-23 08:00:00
Brisbane: 2014-11-24 01:00:00
```

文中提到：使用time zone name，需要數據庫mysql的time zone表中有命名的時區支持。
但文檔[Time Zones](https://mariadb.com/kb/en/mariadb/time-zones/)中mysql time zone tables部分提到默認mysql time zone表爲空，可用程序[mysql_tzinfo_to_sql](https://mariadb.com/kb/en/mariadb/mysql_tzinfo_to_sql/)將Linux系統中zoneinfo數據導入該表中。


##查看相關信息
查看Linux系統中`zoneinfo`信息，數據庫`mysql`中`time zone`相關表

```sql
Last login: Wed Oct 14 15:07:24 2015 from 192.168.30.59
//切換到root用戶
[flying@localhost ~]$ su
Password:

//查看系統信息
[root@localhost flying]# uname -a
Linux localhost.localdomain 3.10.0-229.14.1.el7.x86_64 #1 SMP Tue Sep 15 15:05:51 UTC 2015 x86_64 x86_64 x86_64 GNU/Linux

//查找zoneinfo位置
[root@localhost flying]# whereis zoneinfo
zoneinfo: /usr/share/zoneinfo

//切換到目錄zoneinfo下
[root@localhost flying]# cd /usr/share/zoneinfo/

//列出目錄下文件
[root@localhost zoneinfo]# ls
Africa      Australia  Cuba     Etc      GMT-0      Indian       Kwajalein  Navajo    posix       ROK        UTC
America     Brazil     EET      Europe   GMT+0      Iran         Libya      NZ        posixrules  Singapore  WET
Antarctica  Canada     Egypt    GB       Greenwich  iso3166.tab  MET        NZ-CHAT   PRC         Turkey     W-SU
Arctic      CET        Eire     GB-Eire  Hongkong   Israel       Mexico     Pacific   PST8PDT     UCT        zone.tab
Asia        Chile      EST      GMT      HST        Jamaica      MST        Poland    right       Universal  Zulu
Atlantic    CST6CDT    EST5EDT  GMT0     Iceland    Japan        MST7MDT    Portugal  ROC         US

//登錄本地數據庫，並使用數據庫mysql
[root@localhost zoneinfo]# mysql -uroot -p -D mysql
Enter password:
Reading table information for completion of table and column names
You can turn off this feature to get a quicker startup with -A

Welcome to the MariaDB monitor.  Commands end with ; or \g.
Your MariaDB connection id is 3
Server version: 10.1.7-MariaDB MariaDB Server

Copyright (c) 2000, 2015, Oracle, MariaDB Corporation Ab and others.

Type 'help;' or '\h' for help. Type '\c' to clear the current input statement.

//列出與timezone相關的表
MariaDB [mysql]> show tables like '%zone%';
+---------------------------+
| Tables_in_mysql (%zone%)  |
+---------------------------+
| time_zone                 |
| time_zone_leap_second     |
| time_zone_name            |
| time_zone_transition      |
| time_zone_transition_type |
+---------------------------+
5 rows in set (0.00 sec)

//查看數據表time_zone中數據條數
MariaDB [mysql]> select count(*) from time_zone;
+----------+
| count(*) |
+----------+
|        0 |
+----------+
1 row in set (0.00 sec)

//查看數據表time_zone_leap_second中數據條數
MariaDB [mysql]> select count(*) from time_zone_leap_second;
+----------+
| count(*) |
+----------+
|        0 |
+----------+
1 row in set (0.00 sec)

//查看數據表time_zone_name中數據條數
MariaDB [mysql]> select count(*) from time_zone_name;       
+----------+
| count(*) |
+----------+
|        0 |
+----------+
1 row in set (0.00 sec)

//查看數據表time_zone_transition中數據條數
MariaDB [mysql]> select count(*) from time_zone_transition;
+----------+
| count(*) |
+----------+
|        0 |
+----------+
1 row in set (0.00 sec)

//查看數據表time_zone_transition_type中數據條數
MariaDB [mysql]> select count(*) from time_zone_transition_type;
+----------+
| count(*) |
+----------+
|        0 |
+----------+
1 row in set (0.00 sec)

MariaDB [mysql]>
```

##將zoneinfo導入數據庫
使用`mysql_tzinfo_to_sql`將`zoneinfo`導入數據庫

```sql
//退出數據庫連接
MariaDB [mysql]> exit
Bye

//使用mysql_tzinfo_to_sql命令導入zoneinfo信息
[root@localhost zoneinfo]# mysql_tzinfo_to_sql /usr/share/zoneinfo | mysql -uroot -p mysql
Enter password:

//再次登入數據庫
[root@localhost zoneinfo]# mysql -uroot -p -D mysql
Enter password:
Reading table information for completion of table and column names
You can turn off this feature to get a quicker startup with -A

Welcome to the MariaDB monitor.  Commands end with ; or \g.
Your MariaDB connection id is 5
Server version: 10.1.7-MariaDB MariaDB Server

Copyright (c) 2000, 2015, Oracle, MariaDB Corporation Ab and others.

Type 'help;' or '\h' for help. Type '\c' to clear the current input statement.

//列出與timezone相關的表
MariaDB [mysql]> show tables like '%zone%';     
+---------------------------+
| Tables_in_mysql (%zone%)  |
+---------------------------+
| time_zone                 |
| time_zone_leap_second     |
| time_zone_name            |
| time_zone_transition      |
| time_zone_transition_type |
+---------------------------+
5 rows in set (0.01 sec)

//查看數據表time_zone中數據條數，有1750條
MariaDB [mysql]> select count(*) from time_zone;
+----------+
| count(*) |
+----------+
|     1750 |
+----------+
1 row in set (0.00 sec)

//查看數據表time_zone_leap_second中數據條數，仍舊0條
MariaDB [mysql]> select count(*) from time_zone_leap_second;
+----------+
| count(*) |
+----------+
|        0 |
+----------+
1 row in set (0.00 sec)

//查看數據表time_zone_name中數據條數，有1750條
MariaDB [mysql]> select count(*) from time_zone_name;      
+----------+
| count(*) |
+----------+
|     1750 |
+----------+
1 row in set (0.00 sec)

//查看數據表time_zone_transition中數據條數，有117043條
MariaDB [mysql]> select count(*) from time_zone_transition;
+----------+
| count(*) |
+----------+
|   117043 |
+----------+
1 row in set (0.00 sec)

//查看數據表time_zone_transition_type中數據條數，有8593條
MariaDB [mysql]> select count(*) from time_zone_transition_type;
+----------+
| count(*) |
+----------+
|     8593 |
+----------+
1 row in set (0.00 sec)

MariaDB [mysql]>
```


##再次查看數據表
```sql
//查看time_zone建表信息
MariaDB [mysql]> show create table time_zone\G
*************************** 1. row ***************************
       Table: time_zone
Create Table: CREATE TABLE `time_zone` (
  `Time_zone_id` int(10) unsigned NOT NULL AUTO_INCREMENT,
  `Use_leap_seconds` enum('Y','N') NOT NULL DEFAULT 'N',
  PRIMARY KEY (`Time_zone_id`)
) ENGINE=MyISAM AUTO_INCREMENT=1751 DEFAULT CHARSET=utf8 COMMENT='Time zones'
1 row in set (0.01 sec)

//查看表time_zone_name建表信息
MariaDB [mysql]> show create table time_zone_name\G
*************************** 1. row ***************************
       Table: time_zone_name
Create Table: CREATE TABLE `time_zone_name` (
  `Name` char(64) NOT NULL,
  `Time_zone_id` int(10) unsigned NOT NULL,
  PRIMARY KEY (`Name`)
) ENGINE=MyISAM DEFAULT CHARSET=utf8 COMMENT='Time zone names'
1 row in set (0.00 sec)

//查看數據表time_zone_name中數據條數，有1750條
MariaDB [mysql]> select count(*) from time_zone_name;
+----------+
| count(*) |
+----------+
|     1750 |
+----------+
1 row in set (0.00 sec)

//從表time_zone_name中隨機取出20條數據
MariaDB [mysql]> select * from time_zone_name order by rand() limit 20;
+------------------------------------+--------------+
| Name                               | Time_zone_id |
+------------------------------------+--------------+
| Asia/Ulaanbaatar                   |          317 |
| Etc/GMT-14                         |          404 |
| right/America/Indiana/Indianapolis |         1294 |
| right/Pacific/Pitcairn             |         1712 |
| posix/Atlantic/Stanley             |          920 |
| right/Pacific/Efate                |         1689 |
| posix/Asia/Khandyga                |          860 |
| posix/GMT                          |         1063 |
| right/Pacific/Fakaofo              |         1691 |
| Etc/GMT-13                         |          403 |
| Asia/Kashgar                       |          274 |
| America/Noronha                    |          172 |
| America/Dawson                     |          103 |
| W-SU                               |          581 |
| right/America/Noronha              |         1339 |
| posix/Etc/GMT-4                    |          990 |
| ROC                                |          561 |
| right/US/Alaska                    |         1733 |
| Portugal                           |          560 |
| right/Africa/Bissau                |         1177 |
+------------------------------------+--------------+
20 rows in set (0.00 sec)

MariaDB [mysql]>
```

##使用CONVERT_TZ進行時區時間換算
```sql
MariaDB [mysql]> select now();
+---------------------+
| now()               |
+---------------------+
| 2015-10-14 15:35:19 |
+---------------------+
1 row in set (0.04 sec)

MariaDB [mysql]> set @dt = '2015-10-14 15:35:19';
Query OK, 0 rows affected (0.00 sec)

MariaDB [mysql]> select @dt as Shanghai;
+---------------------+
| Shanghai            |
+---------------------+
| 2015-10-14 15:35:19 |
+---------------------+
1 row in set (0.00 sec)

MariaDB [mysql]> select @dt as Shanghai,
    -> CONVERT_TZ(@dt,'Asia/Shanghai','Europe/Berlin') as Berlin,
    -> CONVERT_TZ(@dt,'Asia/Shanghai','Europe/London') as London,
    -> CONVERT_TZ(@dt,'Asia/Shanghai','America/New_York') as New_York,
    -> CONVERT_TZ(@dt,'Asia/Shanghai','America/Chicago') as Chicago\G
*************************** 1. row ***************************
Shanghai: 2015-10-14 15:35:19
  Berlin: 2015-10-14 09:35:19
  London: 2015-10-14 08:35:19
New_York: 2015-10-14 03:35:19
 Chicago: 2015-10-14 02:35:19
1 row in set (0.05 sec)

MariaDB [mysql]> select @dt as Shanghai,
    -> CONVERT_TZ(@dt,'+08:00','+01:00') as Berlin,
    -> CONVERT_TZ(@dt,'+08:00','+10:00') as Sydney,      
    -> CONVERT_TZ(@dt,'+08:00','-05:00') as New_York,
    -> CONVERT_TZ(@dt,'+08:00','-08:00') as 'Los Angeles'\G
*************************** 1. row ***************************
   Shanghai: 2015-10-14 15:35:19
     Berlin: 2015-10-14 08:35:19
     Sydney: 2015-10-14 17:35:19
   New_York: 2015-10-14 02:35:19
Los Angeles: 2015-10-13 23:35:19
1 row in set (0.00 sec)

MariaDB [mysql]>
```

**`leap second是閏秒(跳秒)，此處的作用暫不清楚`**


##參考資料
[CONVERT_TZ](https://mariadb.com/kb/en/mariadb/convert_tz/)
[Time Zones](https://mariadb.com/kb/en/mariadb/time-zones/)
[Coordinated Universal Time](https://mariadb.com/kb/en/mariadb/coordinated-universal-time/)
[TIMESTAMP](https://mariadb.com/kb/en/mariadb/timestamp/)
[mysql.time_zone Table](https://mariadb.com/kb/en/mariadb/mysqltime_zone-table/)
[mysql.time_zone_name Table](https://mariadb.com/kb/en/mariadb/mysqltime_zone_name-table/)
[mysql.time_zone_leap_second Table](https://mariadb.com/kb/en/mariadb/mysqltime_zone_leap_second-table/)
[mysql.time_zone_transition_type Table](https://mariadb.com/kb/en/mariadb/mysqltime_zone_transition_type-table/)
[mysql.time_zone_transition Table](https://mariadb.com/kb/en/mariadb/mysqltime_zone_transition-table/)


---
**Note Time**：2015.10.14 16:00 Wensday 上海 慧谷

---

`Blog Url`:<http://qingtianjiedu.com/blog/use_mysql_tzinfo_to_sql_import_zoneinfo_into_mysql_time_zone/>
`Release Time`:2015-10-14
`BackUpTime`:2015.11.09 09:55
