#MariaDB使用EXTRACT()從時間中提取具體信息

`EXTRACT()`是MariaDB時間和日期函數中的一個，用於從時間和日期中提取具體的信息。

---
[TOC]

---
##格式
```
EXTRACT(unit FROM date)
```
unit有20種參數，詳見Date and Time Units

```sql
Last login: Thu Oct 15 13:58:36 2015 from 192.168.30.55
[flying@localhost ~]$ su
Password:
[root@localhost flying]# date
Thu Oct 15 13:59:26 CST 2015
[root@localhost flying]# date +%c
Thu 15 Oct 2015 01:59:31 PM CST
[root@localhost flying]# mysql -uroot -p
Enter password:
Welcome to the MariaDB monitor.  Commands end with ; or \g.
Your MariaDB connection id is 3
Server version: 10.1.7-MariaDB MariaDB Server

Copyright (c) 2000, 2015, Oracle, MariaDB Corporation Ab and others.

Type 'help;' or '\h' for help. Type '\c' to clear the current input statement.

MariaDB [(none)]> select now(),now(1),now(2),now(3),now(4),now(5),now(6)\G
*************************** 1. row ***************************
 now(): 2015-10-15 14:00:19
now(1): 2015-10-15 14:00:19.4
now(2): 2015-10-15 14:00:19.41
now(3): 2015-10-15 14:00:19.412
now(4): 2015-10-15 14:00:19.4125
now(5): 2015-10-15 14:00:19.41252
now(6): 2015-10-15 14:00:19.412522
1 row in set (0.00 sec)

MariaDB [(none)]> set @time = now(6);
Query OK, 0 rows affected (0.00 sec)

MariaDB [(none)]> select @time;
+----------------------------+
| @time                      |
+----------------------------+
| 2015-10-15 14:01:09.698959 |
+----------------------------+
1 row in set (0.00 sec)

MariaDB [(none)]> select @time as Original,
    -> EXTRACT(YEAR from @time) as Year,
    -> EXTRACT(QUARTER from @time) as Quarter,
    -> EXTRACT(MONTH from @time) as Month,
    -> EXTRACT(WEEK from @time) as Week\G
*************************** 1. row ***************************
Original: 2015-10-15 14:01:09.698959
    Year: 2015
 Quarter: 4
   Month: 10
    Week: 41
1 row in set (0.00 sec)

MariaDB [(none)]> select @time as Original,
    -> EXTRACT(DAY from @time) as Day,
    -> EXTRACT(HOUR from @time) as Hour,
    -> EXTRACT(MINUTE from @time) as Minute,
    -> EXTRACT(SECOND from @time) as Second,
    -> EXTRACT(MICROSECOND from @time) as MicroSecond\G
*************************** 1. row ***************************
   Original: 2015-10-15 14:01:09.698959
        Day: 15
       Hour: 14
     Minute: 1
     Second: 9
MicroSecond: 698959
1 row in set (0.00 sec)

MariaDB [(none)]> select @time as Original,
    -> EXTRACT(SECOND_MICROSECOND from @time) as SecondMicrosecond,
    -> EXTRACT(MINUTE_MICROSECOND from @time) as MinuteMicrosecond,
    -> EXTRACT(MINUTE_SECOND from @time) as MinuteSecond,
    -> EXTRACT(SECOND from @time) as Second\G
*************************** 1. row ***************************
         Original: 2015-10-15 14:01:09.698959
SecondMicrosecond: 9698959
MinuteMicrosecond: 109698959
     MinuteSecond: 109
           Second: 9
1 row in set (0.00 sec)

MariaDB [(none)]> select @time as Original,
    -> EXTRACT(HOUR_MICROSECOND from @time) as HourMicrosecond,
    -> EXTRACT(HOUR_SECOND from @time) as HourSecond,
    -> EXTRACT(HOUR_MINUTE from @time) as HourMinute\G
*************************** 1. row ***************************
       Original: 2015-10-15 14:01:09.698959
HourMicrosecond: 140109698959
     HourSecond: 140109
     HourMinute: 1401
1 row in set (0.00 sec)

MariaDB [(none)]> select @time as Original,
    -> EXTRACT(DAY_MICROSECOND from @time) as DayMicrosecond,
    -> EXTRACT(DAY_SECOND from @time) as DaySecond,
    -> EXTRACT(DAY_MINUTE from @time) as DayMinute,
    -> EXTRACT(DAY_HOUR from @time) as DayHour\G
*************************** 1. row ***************************
      Original: 2015-10-15 14:01:09.698959
DayMicrosecond: 15140109698959
     DaySecond: 15140109
     DayMinute: 151401
       DayHour: 1514
1 row in set (0.00 sec)

MariaDB [(none)]> select @time as Original,
    -> EXTRACT(YEAR_MONTH from @time) as YearMonth\G
*************************** 1. row ***************************
 Original: 2015-10-15 14:01:09.698959
YearMonth: 201510
1 row in set (0.00 sec)

MariaDB [(none)]> select now(6) as Original,
    -> EXTRACT(YEAR from now(6)) as Year,
    -> EXTRACT(QUARTER from now(6)) as Quarter,
    -> EXTRACT(MONTH from now(6)) as Month,
    -> EXTRACT(WEEK from now(6)) as Week,
    -> EXTRACT(DAY from now(6)) as Day,
    -> EXTRACT(HOUR from now(6)) as Hour,
    -> EXTRACT(MINUTE from now(6)) as Minute,
    -> EXTRACT(SECOND from now(6)) as Second,
    -> EXTRACT(MICROSECOND from now(6)) as MicroSecond,
    -> EXTRACT(YEAR_MONTH from now(6)) as YearMonth,
    -> EXTRACT(DAY_HOUR from now(6)) as DayHour,
    -> EXTRACT(DAY_MINUTE from now(6)) as DayMinute,
    -> EXTRACT(DAY_SECOND from now(6)) as DaySecond,
    -> EXTRACT(DAY_MICROSECOND from now(6)) as DayMicrosecond,
    -> EXTRACT(HOUR_MINUTE from now(6)) as HourMinute,
    -> EXTRACT(HOUR_SECOND from now(6)) as HourSecond,
    -> EXTRACT(HOUR_MICROSECOND from now(6)) as HourMicrosecond,
    -> EXTRACT(MINUTE_SECOND from now(6)) as MinuteSecond,
    -> EXTRACT(MINUTE_MICROSECOND from now(6)) as MinuteMicrosecond,
    -> EXTRACT(SECOND_MICROSECOND from now(6)) as SecondMicrosecond\G
*************************** 1. row ***************************
         Original: 2015-10-15 14:31:50.464476
             Year: 2015
          Quarter: 4
            Month: 10
             Week: 41
              Day: 15
             Hour: 14
           Minute: 31
           Second: 50
      MicroSecond: 464476
        YearMonth: 201510
          DayHour: 1514
        DayMinute: 151431
        DaySecond: 15143150
   DayMicrosecond: 15143150464476
       HourMinute: 1431
       HourSecond: 143150
  HourMicrosecond: 143150464476
     MinuteSecond: 3150
MinuteMicrosecond: 3150464476
SecondMicrosecond: 50464476
1 row in set (0.00 sec)

MariaDB [(none)]>
```

1. unit中帶有下劃線的可以理解爲from…to…（年、月、日、時、分、秒、毫秒），提取相關範圍內的數據，取出分割符，組成一個字串。
2. 取出的數據是數值形式的，與DATE_FORMAT不同，後者可以轉換成相關英文單詞。

##參考資料
[EXTRACT](https://mariadb.com/kb/en/mariadb/extract/)
[MARIADB: EXTRACT FUNCTION](http://www.techonthenet.com/mariadb/functions/extract.php)
[Date and Time Units](https://mariadb.com/kb/en/mariadb/date-and-time-units/)
[DATE_FORMAT](https://mariadb.com/kb/en/mariadb/date_format/)
[TIME_FORMAT](https://mariadb.com/kb/en/mariadb/time_format/)


---
**Note Time**：2015.10.15 14:40 Thursday 上海 慧谷

---

`Blog Url`:<http://qingtianjiedu.com/blog/use_extract_extract_the_required_unit_from_date_in_mariadb/>
`Release Time`:2015-10-15
`BackUpTime`:2015.11.09 10:02
