#MariaDB計算日期或時間間隔

在拜讀[Paul DuBois](http://www.oreilly.com/pub/au/330)的[[MySQL CookBook 3rd](http://shop.oreilly.com/product/0636920032274.do)]時，看到[6.11. Calculating Intervals Between Dates or Times]，如何計算日期或時間之間間隔。

主要是3個函數：[DATEDIFF](https://mariadb.com/kb/en/mariadb/datediff/)、[TIMEDIFF](https://mariadb.com/kb/en/mariadb/timediff/)、[TIMESTAMPDIFF](https://mariadb.com/kb/en/mariadb/timestampdiff/)
使用方式不盡相同，需要注意。

---
[TOC]

---


##DATEDIFF
###格式
```
DATEDIFF(expr1,expr2)
```
>DATEDIFF() returns (expr1 – expr2) expressed as a value in days from one date to the other. expr1 and expr2 are date or date-and-time expressions. Only the date parts of the values are used in the calculation.

DATEDIFF()返回參數(expr1 – expr2)所代表的天數值。
參數expr1和expr2可以是日期類型，也可以是日期-時間表達式（只使用日期部分進行計算）

```sql
//兩個參數都是date-and-time value
Last login: Thu Oct 15 15:08:02 2015 from 192.168.30.55
[flying@localhost ~]$ su
Password:
[root@localhost flying]# date +%c
Thu 15 Oct 2015 05:33:30 PM CST
[root@localhost flying]# mysql -uroot -p
Enter password:
Welcome to the MariaDB monitor.  Commands end with ; or \g.
Your MariaDB connection id is 3
Server version: 10.1.7-MariaDB MariaDB Server

Copyright (c) 2000, 2015, Oracle, MariaDB Corporation Ab and others.

Type 'help;' or '\h' for help. Type '\c' to clear the current input statement.

MariaDB [(none)]> select now(6);
+----------------------------+
| now(6)                     |
+----------------------------+
| 2015-10-15 17:33:46.488536 |
+----------------------------+
1 row in set (0.00 sec)

MariaDB [(none)]> set @date_from = '2015-10-01 08:08:08';
Query OK, 0 rows affected (0.00 sec)

MariaDB [(none)]> select @date_from;
+---------------------+
| @date_from          |
+---------------------+
| 2015-10-01 08:08:08 |
+---------------------+
1 row in set (0.00 sec)

MariaDB [(none)]> select now() as 'expr1',
    -> @date_from as 'expr2',
    -> DATEDIFF(now(),@date_from) as 'expr1-expr2',
    -> DATEDIFF(@date_from,now()) as 'expr2-expr1';
+---------------------+---------------------+-------------+-------------+
| expr1               | expr2               | expr1-expr2 | expr2-expr1 |
+---------------------+---------------------+-------------+-------------+
| 2015-10-15 17:40:56 | 2015-10-01 08:08:08 |          14 |         -14 |
+---------------------+---------------------+-------------+-------------+
1 row in set (0.00 sec)

MariaDB [(none)]>
```

```sql
//兩個參數一個是date-and-time value，一個是date value
MariaDB [(none)]> select curdate();
+------------+
| curdate()  |
+------------+
| 2015-10-15 |
+------------+
1 row in set (0.00 sec)

MariaDB [(none)]> select @date_from;
+---------------------+
| @date_from          |
+---------------------+
| 2015-10-01 08:08:08 |
+---------------------+
1 row in set (0.00 sec)

MariaDB [(none)]> select curdate() as 'expr1',
    -> DATEDIFF(curdate(),@date_from) as 'expr1-expr2',   
    -> DATEDIFF(@date_from,curdate()) as 'expr2-expr1';
+------------+-------------+-------------+
| expr1      | expr1-expr2 | expr2-expr1 |
+------------+-------------+-------------+
| 2015-10-15 |          14 |         -14 |
+------------+-------------+-------------+
1 row in set (0.00 sec)

MariaDB [(none)]>
```

```sql
//兩個參數都是date value
MariaDB [(none)]> set @date_from = '2015-10-01';
Query OK, 0 rows affected (0.00 sec)

MariaDB [(none)]> select @date_from;
+------------+
| @date_from |
+------------+
| 2015-10-01 |
+------------+
1 row in set (0.00 sec)

MariaDB [(none)]> select curdate();
+------------+
| curdate()  |
+------------+
| 2015-10-15 |
+------------+
1 row in set (0.00 sec)

MariaDB [(none)]> select curdate() as 'expr1',
    -> @date_from as 'expr2',
    -> DATEDIFF(curdate(),@date_from) as 'expr1-expr2',
    -> DATEDIFF(@date_from,curdate()) as 'expr2-expr1';
+------------+------------+-------------+-------------+
| expr1      | expr2      | expr1-expr2 | expr2-expr1 |
+------------+------------+-------------+-------------+
| 2015-10-15 | 2015-10-01 |          14 |         -14 |
+------------+------------+-------------+-------------+
1 row in set (0.00 sec)

MariaDB [(none)]>
```

###小結
>1. 參數可以任意使用date value和date-and-time value，不受影響；
>2. 當參數使用date-and-time value時，時間部分自動忽略；

---

##TIMEDIFF
###格式
```
TIMEDIFF(expr1,expr2)
```
>TIMEDIFF() returns expr1 – expr2 expressed as a time value. expr1 and expr2 are time or date-and-time expressions, but both must be of the same type.

TIMEDIFF()返回參數(expr1 – expr2)所代表的時間值。
參數expr1和expr2可以是時間類型或日期-時間表達式，但都必須是相同的類型。

```sql
//兩個參數都是time value類型
MariaDB [(none)]> select curtime();
+-----------+
| curtime() |
+-----------+
| 17:54:44  |
+-----------+
1 row in set (0.00 sec)

MariaDB [(none)]> set @time_from = '08:08:08';
Query OK, 0 rows affected (0.00 sec)

MariaDB [(none)]> select curtime() as 'expr1',
    -> @time_from as 'expr2',
    -> TIMEDIFF(curtime(),@time_from) as 'expr1-expr2',
    -> TIMEDIFF(@time_from,curtime()) as 'expr2-expr1';
+----------+----------+-------------+-------------+
| expr1    | expr2    | expr1-expr2 | expr2-expr1 |
+----------+----------+-------------+-------------+
| 17:57:32 | 08:08:08 | 09:49:24    | -09:49:24   |
+----------+----------+-------------+-------------+
1 row in set (0.00 sec)

MariaDB [(none)]>
```

```sql
//兩個參數都是date-and-time類型
MariaDB [(none)]> select now();
+---------------------+
| now()               |
+---------------------+
| 2015-10-15 17:59:33 |
+---------------------+
1 row in set (0.00 sec)

MariaDB [(none)]> set @time_from = '2015-10-01 08:08:08';
Query OK, 0 rows affected (0.00 sec)

MariaDB [(none)]> select @time_from;
+---------------------+
| @time_from          |
+---------------------+
| 2015-10-01 08:08:08 |
+---------------------+
1 row in set (0.00 sec)

MariaDB [(none)]> select now() as 'expr1',
    -> @time_from as 'expr2',
    -> TIMEDIFF(now(),@time_from) as 'expr1-expr2',
    -> TIMEDIFF(@time_from,now()) as 'expr2-expr1';
+---------------------+---------------------+-------------+-------------+
| expr1               | expr2               | expr1-expr2 | expr2-expr1 |
+---------------------+---------------------+-------------+-------------+
| 2015-10-15 18:01:12 | 2015-10-01 08:08:08 | 345:53:04   | -345:53:04  |
+---------------------+---------------------+-------------+-------------+
1 row in set (0.00 sec)

MariaDB [(none)]> set @time_fom = '2015-10-15 08:08:08';
Query OK, 0 rows affected (0.00 sec)

MariaDB [(none)]> select now(),@time_fom;
+---------------------+---------------------+
| now()               | @time_fom           |
+---------------------+---------------------+
| 2015-10-15 18:02:11 | 2015-10-15 08:08:08 |
+---------------------+---------------------+
1 row in set (0.00 sec)

MariaDB [(none)]> select now() as 'expr1',
    -> @time_fom as 'expr2',
    -> TIMEDIFF(now(),@time_fom) as 'expr1-expr2',
    -> TIMEDIFF(@time_fom,now()) as 'expr2-expr1';
+---------------------+---------------------+-------------+-------------+
| expr1               | expr2               | expr1-expr2 | expr2-expr1 |
+---------------------+---------------------+-------------+-------------+
| 2015-10-15 18:03:05 | 2015-10-15 08:08:08 | 09:54:57    | -09:54:57   |
+---------------------+---------------------+-------------+-------------+
1 row in set (0.00 sec)

MariaDB [(none)]>
```

```sql
//參數一個是time value，一個是date-and-time value
MariaDB [(none)]> select @time_fom;
+---------------------+
| @time_fom           |
+---------------------+
| 2015-10-15 08:08:08 |
+---------------------+
1 row in set (0.00 sec)

MariaDB [(none)]> select curtime();
+-----------+
| curtime() |
+-----------+
| 18:05:03  |
+-----------+
1 row in set (0.00 sec)

MariaDB [(none)]> select curtime() as 'expr1',
    -> @time_fom as 'expr2',
    -> TIMEDIFF(curtime(),@time_fom) as 'expr1-expr2',
    -> TiMEDIFF(@time_fom,curtime()) as 'expr2-expr1';
+----------+---------------------+-------------+-------------+
| expr1    | expr2               | expr1-expr2 | expr2-expr1 |
+----------+---------------------+-------------+-------------+
| 18:05:59 | 2015-10-15 08:08:08 | NULL        | NULL        |
+----------+---------------------+-------------+-------------+
1 row in set (0.00 sec)

MariaDB [(none)]>
```

###小結
>1. 兩個參數可以任意使用date value和date-and-time value，但二者必須一致；
>2. 如果二者不一致，返回NULL值；
>3. 如果兩個參數都使用date-and-time value，則日期date部分也會進行計算；

---

##TIMESTAMPDIFF
###格式
```
TIMESTAMPDIFF(unit,datetime_expr1,datetime_expr2)
```
>Returns datetime_expr2 – datetime_expr1, where datetime_expr1 and datetime_expr2 are date or datetime expressions. One expression may be a date and the other a datetime; a date value is treated as a datetime having the time part ’00:00:00′ where necessary. The unit for the result (an integer) is given by the unit argument. The legal values for unit are the same as those listed in the description of the TIMESTAMPADD() function, i.e MICROSECOND, SECOND, MINUTE, HOUR, DAY, WEEK, MONTH, QUARTER, or YEAR.
>
TIMESTAMPDIFF can also be used to calculate age

TIMESTAMPDIFF()返回參數（datetime_expr2 – datetime_expr1）的值，參數datetime_expr2和datetime_expr1可以是日期類型，也可以是日期-時間表達式。如果參數類型是日期類型(date value)，自動在後面加上時間部分’00:00:00′ 參與計算。

參數unit可以是MICROSECOND, SECOND, MINUTE, HOUR, DAY, WEEK, MONTH, QUARTER, or YEAR。

TIMESTAMPDIFF也可以用於計算年齡。


```sql
Last login: Fri Oct 16 10:53:57 2015 from 192.168.30.59
//系統當前時間
[flying@localhost ~]$ date +%c
Fri 16 Oct 2015 10:57:10 AM CST

//切換root
[flying@localhost ~]$ su
Password:

//登入本地數據庫
[root@localhost flying]# mysql -uroot -p
Enter password:
Welcome to the MariaDB monitor.  Commands end with ; or \g.
Your MariaDB connection id is 4
Server version: 10.1.7-MariaDB MariaDB Server

Copyright (c) 2000, 2015, Oracle, MariaDB Corporation Ab and others.

Type 'help;' or '\h' for help. Type '\c' to clear the current input statement.

//數據庫當前時間(date-and-time value)
MariaDB [(none)]> select now();
+---------------------+
| now()               |
+---------------------+
| 2015-10-16 10:57:40 |
+---------------------+
1 row in set (0.00 sec)

//設置參數@time1 = '2015-05-18'
MariaDB [(none)]> set @time1 = '2015-05-18';
Query OK, 0 rows affected (0.00 sec)

//設置參數@time2 = '2015-05-18 08:08:08'
MariaDB [(none)]> set @time2 = '2015-05-18 08:08:08';
Query OK, 0 rows affected (0.00 sec)

//列出參數
MariaDB [(none)]> select @time1,@time2;
+------------+---------------------+
| @time1     | @time2              |
+------------+---------------------+
| 2015-05-18 | 2015-05-18 08:08:08 |
+------------+---------------------+
1 row in set (0.00 sec)

//一個參數是date value，一個參數是date-and-time value
MariaDB [(none)]> select @time1 as 'Date',
    -> now() as 'CurDateTime',
    -> TIMESTAMPDIFF(YEAR,@time1,now()) as 'YearDiff',
    -> TIMESTAMPDIFF(QUARTER,@time1,now()) as 'QuarterDiff',                                                               -> TIMESTAMPDIFF(MONTH,@time1,now()) as 'MonthDiff',                                                                   -> TIMESTAMPDIFF(WEEK,@time1,now()) as 'WeekDiff',      
    -> TIMESTAMPDIFF(DAY,@time1,now()) as 'DayDiff',     
    -> TIMESTAMPDIFF(HOUR,@time1,now()) as 'HourDiff',   
    -> TIMESTAMPDIFF(MINUTE,@time1,now()) as 'MinuteDiff',         
    -> TIMESTAMPDIFF(SECOND,@time1,now()) as 'SecondDiff',      
    -> TIMESTAMPDIFF(MICROSECOND,@time1,now()) as 'MicroSecondDiff'\G
*************************** 1. row ***************************
           Date: 2015-05-18
    CurDateTime: 2015-10-16 11:04:48
       YearDiff: 0
    QuarterDiff: 1
      MonthDiff: 4
       WeekDiff: 21
        DayDiff: 151
       HourDiff: 3635
     MinuteDiff: 218104
     SecondDiff: 13086288
MicroSecondDiff: 13086288000000
1 row in set (0.00 sec)

//兩個參數類型相同，都是date-and-time value
MariaDB [(none)]> select @time2 as 'DateTime',
    -> now() as 'CurDateTime',
    -> TIMESTAMPDIFF(YEAR,@time2,now()) as 'YearDiff',
    -> TIMESTAMPDIFF(QUARTER,@time2,now()) as 'QuarterDiff',
    -> TIMESTAMPDIFF(MONTH,@time2,now()) as 'MonthDiff',
    -> TIMESTAMPDIFF(WEEK,@time2,now()) as 'WeekDiff',
    -> TIMESTAMPDIFF(DAY,@time2,now()) as 'DayDiff',
    -> TIMESTAMPDIFF(HOUR,@time2,now()) as 'HourDiff',
    -> TIMESTAMPDIFF(MINUTE,@time2,now()) as 'MinuteDiff',
    -> TIMESTAMPDIFF(SECOND,@time2,now()) as 'SecondDiff',
    -> TIMESTAMPDIFF(MICROSECOND,@time2,now()) as 'MicroSecondDiff'\G
*************************** 1. row ***************************
       DateTime: 2015-05-18 08:08:08
    CurDateTime: 2015-10-16 11:08:20
       YearDiff: 0
    QuarterDiff: 1
      MonthDiff: 4
       WeekDiff: 21
        DayDiff: 151
       HourDiff: 3627
     MinuteDiff: 217620
     SecondDiff: 13057212
MicroSecondDiff: 13057212000000
1 row in set (0.00 sec)

//設置出生日期
MariaDB [(none)]> set @birth = '1990-08-08';
Query OK, 0 rows affected (0.00 sec)

//查詢參數和當前日期
MariaDB [(none)]> select curdate(),@birth;
+------------+------------+
| curdate()  | @birth     |
+------------+------------+
| 2015-10-16 | 1990-08-08 |
+------------+------------+
1 row in set (0.00 sec)

//使用unit爲YEAR計算年齡
MariaDB [(none)]> select @birth as 'Birth',                                                                      
    -> curdate() as 'Today',                                                                          
    -> TIMESTAMPDIFF(YEAR,@birth,curdate()) as 'Age'\G                                                  
*************************** 1. row ***************************
Birth: 1990-08-08
Today: 2015-10-16
  Age: 25
1 row in set (0.00 sec)

MariaDB [(none)]>
```

---
##總結
>1. `DATETIFF`、`TIMEDIFF`都是前一個時間參數減去後一個時間參數，而`TIMESTAMPDIFF`相反，是後一個參數減去前一個時間參數；
>2. 參數類型是否需一致：`DATETIFF`、`TIMESTAMPDIFF`任選，但`TIMEDIFF`兩個參數類型必須一致，否則返回NULL值；
>3. `DATETIFF`、`TIMEDIFF`、`TIMESTAMPDIFF`的使用，看實際應用場景；

---

##參考資料
[DATEDIFF](https://mariadb.com/kb/en/mariadb/datediff/)
[TIMEDIFF](https://mariadb.com/kb/en/mariadb/timediff/)
[TIMESTAMPDIFF](https://mariadb.com/kb/en/mariadb/timestampdiff/)
[MARIADB: DATEDIFF FUNCTION](http://www.techonthenet.com/mariadb/functions/datediff.php)
[MARIADB: TIMEDIFF FUNCTION](http://www.techonthenet.com/mariadb/functions/timediff.php)



---
**Note Time**：2015.10.14 18:10 Thursday 上海 慧谷

---

`Blog Url`:<http://qingtianjiedu.com/blog/calculate_intervals_between_dates_or_times_in_mariadb/>
`Release Time`:2015-10-14
`BackUpTime`:2015.11.09 10:20
