#[重要]MariaDB中日期或時間的增減計算

在拜讀[Paul DuBois](http://www.oreilly.com/pub/au/330)的[[MySQL CookBook 3rd](http://shop.oreilly.com/product/0636920032274.do)]時，看到[6.12. Adding Date or Time Values]，如何增加日期或時間值。

結合MariaDB[相關文檔](https://mariadb.com/kb/en/mariadb/date-and-time-functions/)，主要8個函數：
[ADDTIME](https://mariadb.com/kb/en/mariadb/addtime/)、[SUBTIME](https://mariadb.com/kb/en/mariadb/subtime/)、[DATE_ADD](https://mariadb.com/kb/en/mariadb/date_add/)、[DATE_SUB](https://mariadb.com/kb/en/mariadb/date_sub/)、[ADDDATE](https://mariadb.com/kb/en/mariadb/adddate/)、[SUBDATE](https://mariadb.com/kb/en/mariadb/subdate/)、[TIMESTAMPADD](https://mariadb.com/kb/en/mariadb/timestampadd/)、[TIMESTAMP FUNCTION](https://mariadb.com/kb/en/mariadb/timestamp-function/)

---
[TOC]

---

##ADDTIME
###格式
```
ADDTIME(expr1,expr2)
```
>ADDTIME() adds expr2 to expr1 and returns the result. expr1 is a time or datetime expression, and expr2 is a time expression.

ADDTIME()添加參數expr2給參數expr1，並返回計算結果。
參數expr1可以是time value時間類型也可以是date-and-time value日期時間類型；
參數expr2是time value時間類型;

```sql
//使用參數expr1類型爲date-and-time value日期時間類型
Last login: Fri Oct 16 13:58:29 2015 from 192.168.30.59
[flying@localhost ~]$ date +%c
Fri 16 Oct 2015 05:09:18 PM CST
[flying@localhost ~]$ mysql -uroot -p
Enter password:
Welcome to the MariaDB monitor.  Commands end with ; or \g.
Your MariaDB connection id is 3
Server version: 10.1.7-MariaDB MariaDB Server

Copyright (c) 2000, 2015, Oracle, MariaDB Corporation Ab and others.

Type 'help;' or '\h' for help. Type '\c' to clear the current input statement.

MariaDB [(none)]> select now();
+---------------------+
| now()               |
+---------------------+
| 2015-10-16 17:09:45 |
+---------------------+
1 row in set (0.00 sec)

//設置time value參數@time，date-and-time value參數@datetime
MariaDB [(none)]> delimiter &&
MariaDB [(none)]> set @time = curtime();
    -> set @datetime = now();
    -> &&
Query OK, 0 rows affected (0.00 sec)

Query OK, 0 rows affected (0.00 sec)

MariaDB [(none)]> delimiter ;

//查詢參數@time、@datetime
MariaDB [(none)]> select @time,@datetime;
+----------+---------------------+
| @time    | @datetime           |
+----------+---------------------+
| 17:13:05 | 2015-10-16 17:13:05 |
+----------+---------------------+
1 row in set (0.00 sec)

//時間@datetime增加了08:08:08
MariaDB [(none)]> select @datetime,ADDTIME(@datetime,'08:08:08') as 'NewTime';
+---------------------+---------------------+
| @datetime           | NewTime             |
+---------------------+---------------------+
| 2015-10-16 17:13:05 | 2015-10-17 01:21:13 |
+---------------------+---------------------+
1 row in set (0.00 sec)

//時間@datetime增加了1day 08:08:08
MariaDB [(none)]> select @datetime,ADDTIME(@datetime,'1 08:08:08') as 'NewTime';
+---------------------+---------------------+
| @datetime           | NewTime             |
+---------------------+---------------------+
| 2015-10-16 17:13:05 | 2015-10-18 01:21:13 |
+---------------------+---------------------+
1 row in set (0.00 sec)

//時間@datetime減少了08:08:08
MariaDB [(none)]> select @datetime,ADDTIME(@datetime,'-08:08:08') as 'NewTime';  
+---------------------+---------------------+
| @datetime           | NewTime             |
+---------------------+---------------------+
| 2015-10-16 17:13:05 | 2015-10-16 09:04:57 |
+---------------------+---------------------+
1 row in set (0.00 sec)

//參數expr2使用非time類型，不報錯，仍返回@datetime原始數據
MariaDB [(none)]> select @datetime,ADDTIME(@datetime,'YEAR') as 'NewTime';           
+---------------------+---------------------+
| @datetime           | NewTime             |
+---------------------+---------------------+
| 2015-10-16 17:13:05 | 2015-10-16 17:13:05 |
+---------------------+---------------------+
1 row in set, 1 warning (0.00 sec)

//參數expr2使用非time類型，不報錯，仍返回@datetime原始數據
MariaDB [(none)]> select @datetime,ADDTIME(@datetime,'1 DAY') as 'NewTime';    
+---------------------+---------------------+
| @datetime           | NewTime             |
+---------------------+---------------------+
| 2015-10-16 17:13:05 | 2015-10-16 17:13:06 |
+---------------------+---------------------+
1 row in set, 1 warning (0.00 sec)

MariaDB [(none)]>
```

```sql
//使用參數expr1類型爲time value時間類型
MariaDB [(none)]> select @time,ADDTIME(@time,'08:08:08') as 'NewTime';          
+----------+----------+
| @time    | NewTime  |
+----------+----------+
| 17:13:05 | 25:21:13 |
+----------+----------+
1 row in set (0.00 sec)

MariaDB [(none)]> select @time,ADDTIME(@time,'1 08:08:08') as 'NewTime';
+----------+----------+
| @time    | NewTime  |
+----------+----------+
| 17:13:05 | 49:21:13 |
+----------+----------+
1 row in set (0.00 sec)

MariaDB [(none)]> select @time,ADDTIME(@time,'-08:08:08') as 'NewTime';  
+----------+----------+
| @time    | NewTime  |
+----------+----------+
| 17:13:05 | 09:04:57 |
+----------+----------+
1 row in set (0.00 sec)

MariaDB [(none)]> select @time,ADDTIME(@time,'MONTH') as 'NewTime';               
+----------+----------+
| @time    | NewTime  |
+----------+----------+
| 17:13:05 | 17:13:05 |
+----------+----------+
1 row in set, 1 warning (0.00 sec)

MariaDB [(none)]> select @time,ADDTIME(@time,'1 MONTH') as 'NewTime';
+----------+----------+
| @time    | NewTime  |
+----------+----------+
| 17:13:05 | 17:13:06 |
+----------+----------+
1 row in set, 1 warning (0.00 sec)

MariaDB [(none)]>
```

###小結
>1. ADDTIME將參數expr2加給expr1；
>2. 參數expr1可以任意使用time value和date-and-time value，參數expr2只能是time value(可以爲正、負值)；
>3. 當參數expr2使用非法expression時，計算結果返回參數expr1的值，不會報錯；
>4. 當參數expr2使用負號時，代表減去相應時間，功能等同SUBTIME；

---

##SUBTIME
###格式
```
SUBTIME(expr1,expr2)
```
>SUBTIME() returns expr1 – expr2 expressed as a value in the same format as expr1. expr1 is a time or datetime expression, and expr2 is a time expression.

SUBTIME()返回(expr1 – expr2)的計算結果，格式與expr1同。
參數expr1可以是time value時間類型也可以是date-and-time value日期時間類型；
參數expr2是time value時間類型;

```sql
//使用參數expr1類型爲date-and-time value日期時間類型
MariaDB [(none)]> select now();
+---------------------+
| now()               |
+---------------------+
| 2015-10-16 17:39:34 |
+---------------------+
1 row in set (0.00 sec)

MariaDB [(none)]> select @time,@datetime;
+----------+---------------------+
| @time    | @datetime           |
+----------+---------------------+
| 17:13:05 | 2015-10-16 17:13:05 |
+----------+---------------------+
1 row in set (0.00 sec)

MariaDB [(none)]> select @datetime,SUBTIME(@datetime,'08:08:08') as 'NewTime';
+---------------------+---------------------+
| @datetime           | NewTime             |
+---------------------+---------------------+
| 2015-10-16 17:13:05 | 2015-10-16 09:04:57 |
+---------------------+---------------------+
1 row in set (0.00 sec)

MariaDB [(none)]> select @datetime,SUBTIME(@datetime,'1 08:08:08') as 'NewTime';
+---------------------+---------------------+
| @datetime           | NewTime             |
+---------------------+---------------------+
| 2015-10-16 17:13:05 | 2015-10-15 09:04:57 |
+---------------------+---------------------+
1 row in set (0.00 sec)

MariaDB [(none)]> select @datetime,SUBTIME(@datetime,'- 08:08:08') as 'NewTime';  
+---------------------+---------------------+
| @datetime           | NewTime             |
+---------------------+---------------------+
| 2015-10-16 17:13:05 | 2015-10-17 01:21:13 |
+---------------------+---------------------+
1 row in set (0.00 sec)

MariaDB [(none)]>
```

```sql
//使用參數expr1類型爲time value時間類型
MariaDB [(none)]> select @time,SUBTIME(@time,'08:08:08') as 'NewTime';        
+----------+----------+
| @time    | NewTime  |
+----------+----------+
| 17:13:05 | 09:04:57 |
+----------+----------+
1 row in set (0.00 sec)

MariaDB [(none)]> select @time,SUBTIME(@time,'1 08:08:08') as 'NewTime';
+----------+-----------+
| @time    | NewTime   |
+----------+-----------+
| 17:13:05 | -14:55:03 |
+----------+-----------+
1 row in set (0.00 sec)

MariaDB [(none)]> select @time,SUBTIME(@time,'-08:08:08') as 'NewTime';  
+----------+----------+
| @time    | NewTime  |
+----------+----------+
| 17:13:05 | 25:21:13 |
+----------+----------+
1 row in set (0.00 sec)

//參數expr2使用非time類型，不報錯，仍返回@time原始數據
MariaDB [(none)]> select @time,SUBTIME(@time,'HOUR') as 'NewTime';          
+----------+----------+
| @time    | NewTime  |
+----------+----------+
| 17:13:05 | 17:13:05 |
+----------+----------+
1 row in set, 1 warning (0.00 sec)

MariaDB [(none)]>
```

###小結
>1. SUBTIME返回expr1-expr2的計算值，格式與expr1同；
>2. 參數expr1可以任意使用time value和date-and-time value，參數expr2只能是time value(可以爲正、負值)；
>3. 當參數expr2使用非法expression時，計算結果返回參數expr1的值，不會報錯；
>4. 當參數expr2使用負號時，代表加上相應時間，功能等同ADDTIME；

---

##DATE_ADD
###格式：
```
DATE_ADD(date,INTERVAL expr unit)
```
>Performs date arithmetic. The date argument specifies the starting date or datetime value. expr is an expression specifying the interval value to be added or subtracted from the starting date. expr is a string; it may start with a “-” for negative intervals. unit is a keyword indicating the units in which the expression should be interpreted. See Date and Time Units for a complete list of permitted units.

參數date可以是date value或是date-and-time value類型；
參數expr是指定的用於增加或減少的區間值，可以是正數或負數；
參數unit用於指定被執行的unit，如YEAR、MONTH…

```sql
//參數date是date-and-time value類型
Last login: Sat Oct 17 10:29:04 2015 from 192.168.1.6
[flying@localhost ~]$ date +%c
Sat 17 Oct 2015 12:40:39 PM CST
[flying@localhost ~]$ mysql -uroot -p
Enter password:
Welcome to the MariaDB monitor.  Commands end with ; or \g.
Your MariaDB connection id is 3
Server version: 10.1.7-MariaDB MariaDB Server

Copyright (c) 2000, 2015, Oracle, MariaDB Corporation Ab and others.

Type 'help;' or '\h' for help. Type '\c' to clear the current input statement.

MariaDB [(none)]> select now(6);
+----------------------------+
| now(6)                     |
+----------------------------+
| 2015-10-17 12:40:55.208283 |
+----------------------------+
1 row in set (0.00 sec)

MariaDB [(none)]> set @time = '2015-10-08 08:08:08';
Query OK, 0 rows affected (0.00 sec)

MariaDB [(none)]> select @time;
+---------------------+
| @time               |
+---------------------+
| 2015-10-08 08:08:08 |
+---------------------+
1 row in set (0.00 sec)

MariaDB [(none)]> select @time as 'Origin',
    -> date_add(@time, INTERVAL 1 SECOND) as 'AddSecond',
    -> date_add(@time, INTERVAL 1 MINUTE) as 'AddMinute',
    -> date_add(@time, INTERVAL 1 HOUR) as 'AddHour',           
    -> date_add(@time, INTERVAL 1 DAY) as 'AddDay',
    -> date_add(@time, INTERVAL 1 WEEK) as 'AddWeek',   
    -> date_add(@time, INTERVAL 1 MONTH) as 'AddMonth',    
    -> date_add(@time, INTERVAL 1 QUARTER) as 'AddQuarter',     
    -> date_add(@time, INTERVAL 1 YEAR) as 'AddYear',          
    -> date_add(@time, INTERVAL -1 YEAR) as 'SubstractYear'\G
*************************** 1. row ***************************
       Origin: 2015-10-08 08:08:08
    AddSecond: 2015-10-08 08:08:09
    AddMinute: 2015-10-08 08:09:08
      AddHour: 2015-10-08 09:08:08
       AddDay: 2015-10-09 08:08:08
      AddWeek: 2015-10-15 08:08:08
     AddMonth: 2015-11-08 08:08:08
   AddQuarter: 2016-01-08 08:08:08
      AddYear: 2016-10-08 08:08:08
SubstractYear: 2014-10-08 08:08:08
1 row in set (0.00 sec)

MariaDB [(none)]>
```

```sql
//參數date是date value類型
MariaDB [(none)]> set @date = '2015-10-08';
Query OK, 0 rows affected (0.00 sec)

MariaDB [(none)]> select @date;
+------------+
| @date      |
+------------+
| 2015-10-08 |
+------------+
1 row in set (0.00 sec)

MariaDB [(none)]> select @date as 'Origin',    
    -> date_add(@date, INTERVAL 1 SECOND) as 'AddSecond',    
    -> date_add(@date, INTERVAL 1 HOUR) as 'AddHour',        
    -> date_add(@date, INTERVAL 1 DAY) as 'AddDay',     
    -> date_add(@date, INTERVAL 1 YEAR) as 'AddYear',    
    -> date_add(@date, INTERVAL -1 YEAR) as 'SubstractYear',
    -> date_add(@date, INTERVAL -1 SECOND) as 'SubstractSecond'\G
*************************** 1. row ***************************
         Origin: 2015-10-08
      AddSecond: 2015-10-08 00:00:01
        AddHour: 2015-10-08 01:00:00
         AddDay: 2015-10-09
        AddYear: 2016-10-08
  SubstractYear: 2014-10-08
SubstractSecond: 2015-10-07 23:59:59
1 row in set (0.00 sec)

MariaDB [(none)]>
```

###小結
>1. 參數date可以是date value或是date-and-time value類型；
>2. 參數expr是指定的用於增加或減少的區間值，可以是正數或負數；
>3. 參數unit用於指定被執行的unit，如YEAR、MONTH…
>4. 當參數date可以是date value時，默認是當天的00:00:00，不會顯示出來；

---


##DATE_SUB
###格式
```
DATE_SUB(date,INTERVAL expr unit)
```
>Performs date arithmetic. The date argument specifies the starting date or datetime value. expr is an expression specifying the interval value to be added or subtracted from the starting date. expr is a string; it may start with a “-” for negative intervals. unit is a keyword indicating the units in which the expression should be interpreted. See Date and Time Units for a complete list of permitted units.

```sql
MariaDB [(none)]> select @time,@date;
+---------------------+------------+
| @time               | @date      |
+---------------------+------------+
| 2015-10-08 08:08:08 | 2015-10-08 |
+---------------------+------------+
1 row in set (0.00 sec)

MariaDB [(none)]> select @time as 'Origin',
    -> date_sub(@time, INTERVAL 1 SECOND) as 'SubstractSecond',
    -> date_sub(@time, INTERVAL 1 MINUTE) as 'SubstractMinute',
    -> date_sub(@time, INTERVAL 1 HOUR) as 'SubstractHour',        
    -> date_sub(@time, INTERVAL 1 DAY) as 'SubstractDay',     
    -> date_sub(@time, INTERVAL 1 WEEK) as 'SubstractWeek',   
    -> date_sub(@time, INTERVAL 1 MONTH) as 'SubstractMonth',    
    -> date_sub(@time, INTERVAL 1 QUARTER) as 'SubstractQuarter',      
    -> date_sub(@time, INTERVAL 1 YEAR) as 'SubstractYear',           
    -> date_sub(@time, INTERVAL -1 YEAR) as 'AddYear',      
    -> date_sub(@time, INTERVAL -1 SECOND) as 'AddSecond'\G
*************************** 1. row ***************************
          Origin: 2015-10-08 08:08:08
 SubstractSecond: 2015-10-08 08:08:07
 SubstractMinute: 2015-10-08 08:07:08
   SubstractHour: 2015-10-08 07:08:08
    SubstractDay: 2015-10-07 08:08:08
   SubstractWeek: 2015-10-01 08:08:08
  SubstractMonth: 2015-09-08 08:08:08
SubstractQuarter: 2015-07-08 08:08:08
   SubstractYear: 2014-10-08 08:08:08
         AddYear: 2016-10-08 08:08:08
       AddSecond: 2015-10-08 08:08:09
1 row in set (0.00 sec)

MariaDB [(none)]>
```

```sql
MariaDB [(none)]> select @date as 'Orgin',
    -> date_sub(@date, INTERVAL 1 SECOND) as 'SubstractSecond',
    -> date_sub(@date, INTERVAL 1 MINUTE) as 'SubstractMinute',      
    -> date_sub(@date, INTERVAL 1 HOUR) as 'SubstractHour',        
    -> date_sub(@date, INTERVAL 1 DAY) as 'SubstractDay',     
    -> date_sub(@date, INTERVAL 1 MONTH) as 'SubstractMonth',   
    -> date_sub(@date, INTERVAL -1 MONTH) as 'AddMonth',      
    -> date_sub(@date, INTERVAL -1 MINUTE) as 'AddMinute',       
    -> date_sub(@date, INTERVAL -1 SECOND) as 'AddSecond'\G
*************************** 1. row ***************************
          Orgin: 2015-10-08
SubstractSecond: 2015-10-07 23:59:59
SubstractMinute: 2015-10-07 23:59:00
  SubstractHour: 2015-10-07 23:00:00
   SubstractDay: 2015-10-07
 SubstractMonth: 2015-09-08
       AddMonth: 2015-11-08
      AddMinute: 2015-10-08 00:01:00
      AddSecond: 2015-10-08 00:00:01
1 row in set (0.00 sec)

MariaDB [(none)]> select now(6);
+----------------------------+
| now(6)                     |
+----------------------------+
| 2015-10-17 13:03:34.871287 |
+----------------------------+
1 row in set (0.00 sec)

MariaDB [(none)]>
```

###小結
用法與DATE_ADD同

---

##ADDDATE
###格式
```
ADDDATE(date,INTERVAL expr unit), ADDDATE(expr,days)
```
>When invoked with the INTERVAL form of the second argument, ADDDATE() is a synonym for DATE_ADD(). The related function SUBDATE() is a synonym for DATE_SUB(). For information on the INTERVAL unit argument, see the discussion for DATE_ADD().
>
When invoked with the days form of the second argument, MariaDB treats it as an integer number of days to be added to expr.

```sql
MariaDB [(none)]> select @time,@date;
+---------------------+------------+
| @time               | @date      |
+---------------------+------------+
| 2015-10-08 08:08:08 | 2015-10-08 |
+---------------------+------------+
1 row in set (0.00 sec)

//參數date是date-and-time value類型
MariaDB [(none)]> select @time as 'Origin',
    -> adddate(@time, INTERVAL 1 SECOND) as 'AddSecond',
    -> adddate(@time, INTERVAL 1 MINUTE) as 'AddMinute',      
    -> adddate(@time, INTERVAL 1 HOUR) as 'AddHour',        
    -> adddate(@time, INTERVAL 1 DAY) as 'AddDay',     
    -> adddate(@time, INTERVAL -25 SECOND) as 'SubstracSecond',
    -> adddate(@time, INTERVAL -2 QUARTER) as 'SubstracQuarter'\G
*************************** 1. row ***************************
         Origin: 2015-10-08 08:08:08
      AddSecond: 2015-10-08 08:08:09
      AddMinute: 2015-10-08 08:09:08
        AddHour: 2015-10-08 09:08:08
         AddDay: 2015-10-09 08:08:08
 SubstracSecond: 2015-10-08 08:07:43
SubstracQuarter: 2015-04-08 08:08:08
1 row in set (0.00 sec)

//參數date是date value類型
MariaDB [(none)]>  select @date as 'Origin',
    -> adddate(@date, INTERVAL 1 SECOND) as 'AddSecond',
    -> adddate(@date, INTERVAL 1 MINUTE) as 'AddMinute',
    -> adddate(@date, INTERVAL 1 HOUR) as 'AddHour',
    -> adddate(@date, INTERVAL 1 DAY) as 'AddDay',
    -> adddate(@date, INTERVAL -25 SECOND) as 'SubstractSecond',
    -> adddate(@date, INTERVAL -25 DAY) as 'SubstractDay',
    -> adddate(@date, INTERVAL '-1:25:25' HOUR_SECOND) as 'SubstractHourSecond'\G
*************************** 1. row ***************************
             Origin: 2015-10-08
          AddSecond: 2015-10-08 00:00:01
          AddMinute: 2015-10-08 00:01:00
            AddHour: 2015-10-08 01:00:00
             AddDay: 2015-10-09
    SubstractSecond: 2015-10-07 23:59:35
       SubstractDay: 2015-09-13
SubstractHourSecond: 2015-10-07 22:34:35
1 row in set (0.00 sec)

MariaDB [(none)]>
```

```sql
//參數expr是date-and-time value類型
MariaDB [(none)]> select @time as 'Origin',
    -> adddate(@time,15) as 'AddDay',
    -> adddate(@time,-15) as 'SubstractDay'\G
*************************** 1. row ***************************
      Origin: 2015-10-08 08:08:08
      AddDay: 2015-10-23 08:08:08
SubstractDay: 2015-09-23 08:08:08
1 row in set (0.00 sec)

//參數expr是date value類型
MariaDB [(none)]> select @date as 'Origin',
    -> adddate(@date,8) as 'AddDay',
    -> adddate(@date,-8) as 'SubstractDay'\G
*************************** 1. row ***************************
      Origin: 2015-10-08
      AddDay: 2015-10-16
SubstractDay: 2015-09-30
1 row in set (0.00 sec)

MariaDB [(none)]>
```

###小結
>1. 使用格式ADDDATE(date,INTERVAL expr unit)時，用法DATE_ADD一樣；
>2. 使用格式ADDDATE(expr,days)時，參數expr可以是date value或date-and-time value類型，days可以是正數代表加，也可以是負數代表減；

---

##SUBDATE
###格式
```
SUBDATE(date,INTERVAL expr unit), SUBDATE(expr,days)
```
>When invoked with the INTERVAL form of the second argument, SUBDATE() is a synonym for DATE_SUB(). See Date and Time Units for a complete list of permitted units.
>
The second form allows the use of an integer value for days. In such cases, it is interpreted as the number of days to be subtracted from the date or datetime expression expr.

###小結
用法與ADDDATE相似

---

##TIMESTAMP FUNCTION
###格式
```
TIMESTAMP(expr), TIMESTAMP(expr1,expr2)
```
>With a single argument, this function returns the date or datetime expression expr as a datetime value. With two arguments, it adds the time expression expr2 to the date or datetime expression expr1 and returns the result as a datetime value.

只有一個參數expr時，不管expr是哪一種類型(date value或date-and-time value)，都返回expr的date-and-time類型；

有2個參數時，expr1可以是date value或date-and-time value，expr2是時間表達式，但受TIME約束，最大值不能超過838:59:59.999999

```sql
MariaDB [(none)]> select now(6),@time,@date;
+----------------------------+---------------------+------------+
| now(6)                     | @time               | @date      |
+----------------------------+---------------------+------------+
| 2015-10-17 13:35:17.325562 | 2015-10-08 08:08:08 | 2015-10-08 |
+----------------------------+---------------------+------------+
1 row in set (0.01 sec)

//參數expr是date-and-time value
MariaDB [(none)]> select @time,timestamp(@time);
+---------------------+---------------------+
| @time               | timestamp(@time)    |
+---------------------+---------------------+
| 2015-10-08 08:08:08 | 2015-10-08 08:08:08 |
+---------------------+---------------------+
1 row in set (0.00 sec)

//參數expr是date value
MariaDB [(none)]> select @date,timestamp(@date);
+------------+---------------------+
| @date      | timestamp(@date)    |
+------------+---------------------+
| 2015-10-08 | 2015-10-08 00:00:00 |
+------------+---------------------+
1 row in set (0.00 sec)

//參數expr1是date-and-time value，expr2是time value'08:08:08'
MariaDB [(none)]> select @time,timestamp(@time,'08:08:08');
+---------------------+-----------------------------+
| @time               | timestamp(@time,'08:08:08') |
+---------------------+-----------------------------+
| 2015-10-08 08:08:08 | 2015-10-08 16:16:16         |
+---------------------+-----------------------------+
1 row in set (0.00 sec)

//參數expr1是date-and-time value，expr2是time value'1 08:08:08'
MariaDB [(none)]> select @time,timestamp(@time,'1 08:08:08');
+---------------------+-------------------------------+
| @time               | timestamp(@time,'1 08:08:08') |
+---------------------+-------------------------------+
| 2015-10-08 08:08:08 | 2015-10-09 16:16:16           |
+---------------------+-------------------------------+
1 row in set (0.00 sec)

//參數expr1是date-and-time value，expr2是'1 MONTH'，只取前面數字進行計算
MariaDB [(none)]> select @time,timestamp(@time,'1 MONTH');   
+---------------------+----------------------------+
| @time               | timestamp(@time,'1 MONTH') |
+---------------------+----------------------------+
| 2015-10-08 08:08:08 | 2015-10-08 08:08:09        |
+---------------------+----------------------------+
1 row in set, 1 warning (0.00 sec)

//參數expr1是date-and-time value，expr2是'2011-10-10 08:08:08'，返回NULL值
MariaDB [(none)]> select @time,timestamp(@time,'2011-10-10 08:08:08');
+---------------------+----------------------------------------+
| @time               | timestamp(@time,'2011-10-10 08:08:08') |
+---------------------+----------------------------------------+
| 2015-10-08 08:08:08 | NULL                                   |
+---------------------+----------------------------------------+
1 row in set (0.00 sec)

MariaDB [(none)]>
```

```sql
//參數expr1是date value，expr2是time value'08:08:08'
MariaDB [(none)]> select @date,timestamp(@date,'08:08:08');
+------------+-----------------------------+
| @date      | timestamp(@date,'08:08:08') |
+------------+-----------------------------+
| 2015-10-08 | 2015-10-08 08:08:08         |
+------------+-----------------------------+
1 row in set (0.00 sec)

//參數expr1是date value，expr2是time value'1 08:08:08'
MariaDB [(none)]> select @date,timestamp(@date,'1 08:08:08');
+------------+-------------------------------+
| @date      | timestamp(@date,'1 08:08:08') |
+------------+-------------------------------+
| 2015-10-08 | 2015-10-09 08:08:08           |
+------------+-------------------------------+
1 row in set (0.00 sec)

//參數expr1是date value，expr2是time value'10-10 08:08:08'，只取前面數字10進行計算
MariaDB [(none)]> select @date,timestamp(@date,'10-10 08:08:08');
+------------+-----------------------------------+
| @date      | timestamp(@date,'10-10 08:08:08') |
+------------+-----------------------------------+
| 2015-10-08 | 2015-10-08 00:00:10               |
+------------+-----------------------------------+
1 row in set, 1 warning (0.00 sec)

MariaDB [(none)]>
```


**參數expr2最大值是838:59:59.999999，即34 23:59:59.999999（35天不到）**

```sql
MariaDB [(none)]> set @date = '2015-10-01';
Query OK, 0 rows affected (0.00 sec)

MariaDB [(none)]> set @time = '2015-10-01 00:00:00';
Query OK, 0 rows affected (0.00 sec)

MariaDB [(none)]> select @date,timestamp(@date,'838:59:59.999999');
+------------+-------------------------------------+
| @date      | timestamp(@date,'838:59:59.999999') |
+------------+-------------------------------------+
| 2015-10-01 | 2015-11-04 22:59:59.999999          |
+------------+-------------------------------------+
1 row in set (0.00 sec)

MariaDB [(none)]> select @date,timestamp(@date,'839:59:59.999999');
+------------+-------------------------------------+
| @date      | timestamp(@date,'839:59:59.999999') |
+------------+-------------------------------------+
| 2015-10-01 | 2015-11-04 22:59:59.999999          |
+------------+-------------------------------------+
1 row in set, 1 warning (0.00 sec)

MariaDB [(none)]> select @date,timestamp(@date,'840');             
+------------+------------------------+
| @date      | timestamp(@date,'840') |
+------------+------------------------+
| 2015-10-01 | 2015-10-01 00:08:40    |
+------------+------------------------+
1 row in set (0.00 sec)

MariaDB [(none)]> select @date,timestamp(@date,'840:00:00');
+------------+------------------------------+
| @date      | timestamp(@date,'840:00:00') |
+------------+------------------------------+
| 2015-10-01 | 2015-11-04 22:59:59          |
+------------+------------------------------+
1 row in set, 1 warning (0.00 sec)

MariaDB [(none)]> select @date,timestamp(@date,'840:00:01');
+------------+------------------------------+
| @date      | timestamp(@date,'840:00:01') |
+------------+------------------------------+
| 2015-10-01 | 2015-11-04 22:59:59          |
+------------+------------------------------+
1 row in set, 1 warning (0.00 sec)

MariaDB [(none)]> select @time,
    -> timestamp(@time,'838:59:59.999999'),
    -> timestamp(@time,'839:59:59.999999'),
    -> timestamp(@time,'840:59:59.999999'),
    -> timestamp(@time,'840:00:00'),       
    -> timestamp(@time,'840:00:00.999999'),
    -> timestamp(@time,'840:00:01'),       
    -> timestamp(@time,'835:00:00')\G
*************************** 1. row ***************************
                              @time: 2015-10-01 00:00:00
timestamp(@time,'838:59:59.999999'): 2015-11-04 22:59:59.999999
timestamp(@time,'839:59:59.999999'): 2015-11-04 22:59:59.999999
timestamp(@time,'840:59:59.999999'): 2015-11-04 22:59:59.999999
       timestamp(@time,'840:00:00'): 2015-11-04 22:59:59
timestamp(@time,'840:00:00.999999'): 2015-11-04 22:59:59.999999
       timestamp(@time,'840:00:01'): 2015-11-04 22:59:59
       timestamp(@time,'835:00:00'): 2015-11-04 19:00:00
1 row in set, 5 warnings (0.00 sec)

MariaDB [(none)]> select @time,
    -> timestamp(@time,'34 23:59:59.999999'),
    -> timestamp(@time,'35 00:00:00'),             
    -> timestamp(@time,'35 00:00:00.000001'),
    -> timestamp(@time,'33 00:00:00.000001')\G
*************************** 1. row ***************************
                                @time: 2015-10-01 00:00:00
timestamp(@time,'34 23:59:59.999999'): 2015-11-04 22:59:59.999999
       timestamp(@time,'35 00:00:00'): 2015-11-04 22:59:59
timestamp(@time,'35 00:00:00.000001'): 2015-11-04 22:59:59.999999
timestamp(@time,'33 00:00:00.000001'): 2015-11-03 00:00:00.000001
1 row in set, 3 warnings (0.00 sec)

MariaDB [(none)]>
```

###小結
>1. 在參數符合條件的前提下，返回值都是date-and-time value類型
>2. 有2個參數時，expr1可以是date value或date-and-time value，expr2是時間表達式，但受TIME約束，最大值不能超過838:59:59.999999，即34 23:59:59.999999（35天不到），超過仍以838:59:59.999999進行計算

---

##TIMESTAMPADD
###格式
```
TIMESTAMPADD(unit,interval,datetime_expr)
```
>Adds the integer expression interval to the date or datetime expression datetime_expr. The unit for interval is given by the unit argument, which should be one of the following values: MICROSECOND, SECOND, MINUTE, HOUR, DAY, WEEK, MONTH, QUARTER, or YEAR.
>
The unit value may be specified using one of keywords as shown, or with a prefix of SQL_TSI_. For example, DAY and SQL_TSI_DAY both are legal.
Before MariaDB 5.5, FRAC_SECOND was permitted as a synonym for MICROSECOND.

###小結
TIMESTAMPADD(unit,interval,datetime_expr) <=> DATE_ADD(date,INTERVAL expr unit)

---

##總結

---

##參考資料
[ADDTIME](https://mariadb.com/kb/en/mariadb/addtime/)
[MARIADB: ADDTIME FUNCTION](http://www.techonthenet.com/mariadb/functions/addtime.php)
[SUBTIME](https://mariadb.com/kb/en/mariadb/subtime/)
[DATE_ADD](https://mariadb.com/kb/en/mariadb/date_add/)
[ADDDATE](https://mariadb.com/kb/en/mariadb/adddate/)
[DATE_SUB](https://mariadb.com/kb/en/mariadb/date_sub/)
[SUBDATE](https://mariadb.com/kb/en/mariadb/subdate/)
[TIMESTAMP FUNCTION](https://mariadb.com/kb/en/mariadb/timestamp-function/)
[MARIADB: DATE_ADD FUNCTION](http://www.techonthenet.com/mariadb/functions/date_add.php)
[MARIADB: ADDDATE FUNCTION](http://www.techonthenet.com/mariadb/functions/adddate.php)

---
**Note Time**：2015.10.17 14:16 Saturday 上海 松江

---

`Blog Url`:<http://qingtianjiedu.com/blog/add_or_substract_intervals_for_temporal_value_in_mariadb/>
`Release Time`:2015-10-17
`BackUpTime`:2015.11.09 10:36
