#MariaDB外鍵級聯更新、級聯刪除

之前已簡要介紹了[MariaDB外鍵](http://qingtianjiedu.com/blog/mariadb-foreign-key/)，但默認是無法直接進行刪除和更新操作的。需要加入
>ON DELETE CASCADE：級聯刪除
ON UPDATE CASCADE：級聯更新


以下示例：表bbb中`pid`關聯表aaa中`id`，建立外鍵(加入`級聯刪除`、`級聯更新`)後，嘗試刪除或更新表aaa中數據。

```sql
//創建數據庫test
MariaDB [isnapp]> create database test;
Query OK, 1 row affected (0.01 sec)

//切換到test數據庫
MariaDB [isnapp]> use test;
Database changed
MariaDB [test]> show tables;
Empty set (0.00 sec)

//創建表aaa
MariaDB [test]> create table aaa(
    -> id int(10) unsigned not null auto_increment primary key,
    -> name varchar(50) not null
    -> )engine=innodb default charset=utf8 collate=utf8_general_ci;
Query OK, 0 rows affected (0.09 sec)

//創建表bbb
MariaDB [test]> create table bbb(
    -> id int(10) unsigned not null auto_increment primary key,
    -> pid int(10) unsigned not null,
    -> name char(50) not null
    -> )engine=innodb default charset=utf8 collate=utf8_general_ci;
Query OK, 0 rows affected (0.10 sec)

//查看表aaa
MariaDB [test]> desc aaa;
+-------+------------------+------+-----+---------+----------------+
| Field | Type             | Null | Key | Default | Extra          |
+-------+------------------+------+-----+---------+----------------+
| id    | int(10) unsigned | NO   | PRI | NULL    | auto_increment |
| name  | varchar(50)      | NO   |     | NULL    |                |
+-------+------------------+------+-----+---------+----------------+
2 rows in set (0.02 sec)

//查看表bbb
MariaDB [test]> desc bbb;
+-------+------------------+------+-----+---------+----------------+
| Field | Type             | Null | Key | Default | Extra          |
+-------+------------------+------+-----+---------+----------------+
| id    | int(10) unsigned | NO   | PRI | NULL    | auto_increment |
| pid   | int(10) unsigned | NO   |     | NULL    |                |
| name  | char(50)         | NO   |     | NULL    |                |
+-------+------------------+------+-----+---------+----------------+
3 rows in set (0.00 sec)

//查看表aaa建表語句
MariaDB [test]> show create table aaa;
+-------+------------------------------------------------------------------+
| Table | Create Table                                                                                                                                                   |
+-------+------------------------------------------------------------------+
| aaa   | CREATE TABLE `aaa` (
  `id` int(10) unsigned NOT NULL AUTO_INCREMENT,
  `name` varchar(50) NOT NULL,
  PRIMARY KEY (`id`)
) ENGINE=InnoDB DEFAULT CHARSET=utf8 |
+-------+-------------------------------------------------------------------+
1 row in set (0.00 sec)

//查看表bbb建表語句
MariaDB [test]> show create table bbb;
+-------+-------------------------------------------------------------------+
| Table | Create Table                                                                                                                                                                                   |
+-------+----------------------------------------------------------------------+
| bbb   | CREATE TABLE `bbb` (
  `id` int(10) unsigned NOT NULL AUTO_INCREMENT,
  `pid` int(10) unsigned NOT NULL,
  `name` char(50) NOT NULL,
  PRIMARY KEY (`id`)
) ENGINE=InnoDB DEFAULT CHARSET=utf8 |
+-------+------------------------------------------------------------------------+
1 row in set (0.00 sec)

//爲表bbb添加外鍵，添加級聯刪除、級聯更新
MariaDB [test]> alter table bbb add foreign key (pid) references aaa(id) on delete cascade on update cascade;
Query OK, 0 rows affected (0.15 sec)               
Records: 0  Duplicates: 0  Warnings: 0

//查看表bbb建表語句，外鍵添加成功
MariaDB [test]> show create table bbb;+-------+--------------------+
| Table | Create Table                                    |
+-------+-----------------------------------------------------------------------------+
| bbb   | CREATE TABLE `bbb` (
  `id` int(10) unsigned NOT NULL AUTO_INCREMENT,
  `pid` int(10) unsigned NOT NULL,
  `name` char(50) NOT NULL,
  PRIMARY KEY (`id`),
  KEY `pid` (`pid`),
  CONSTRAINT `bbb_ibfk_1` FOREIGN KEY (`pid`) REFERENCES `aaa` (`id`) ON DELETE CASCADE ON UPDATE CASCADE
) ENGINE=InnoDB DEFAULT CHARSET=utf8 |
+-------+-------------------------------------------------------+
1 row in set (0.00 sec)

//向表aaa中添加數據
MariaDB [test]> insert into aaa(name) values('horse'),('pear'),('banana'),('winter');
Query OK, 4 rows affected (0.03 sec)
Records: 4  Duplicates: 0  Warnings: 0

//向表bbb中添加數據
MariaDB [test]> insert into bbb(pid,name) values(1,'888'),(1,'999'),(1,'777'),(2,'123'),(2,'234'),(2,'345'),(3,'2200'),(3,'0022'),(4,'aaaa'),(4,'bbbb');
Query OK, 10 rows affected (0.03 sec)
Records: 10  Duplicates: 0  Warnings: 0

//查詢表aaa中數據
MariaDB [test]> select * from aaa;
+----+--------+
| id | name   |
+----+--------+
|  1 | horse  |
|  2 | pear   |
|  3 | banana |
|  4 | winter |
+----+--------+
4 rows in set (0.00 sec)

//查詢表bbb中數據，pid對應表aaa中id
MariaDB [test]> select * from bbb;
+----+-----+------+
| id | pid | name |
+----+-----+------+
|  1 |   1 | 888  |
|  2 |   1 | 999  |
|  3 |   1 | 777  |
|  4 |   2 | 123  |
|  5 |   2 | 234  |
|  6 |   2 | 345  |
|  7 |   3 | 2200 |
|  8 |   3 | 0022 |
|  9 |   4 | aaaa |
| 10 |   4 | bbbb |
+----+-----+------+
10 rows in set (0.00 sec)

//測試級聯更新，更新表aaa中name='winter'的id值
MariaDB [test]> update aaa set id=8 where name='winter';
Query OK, 1 row affected (0.04 sec)
Rows matched: 1  Changed: 1  Warnings: 0

//再次查詢表aaa，name='winter'的id值已經改爲8
MariaDB [test]> select * from aaa;
+----+--------+
| id | name   |
+----+--------+
|  1 | horse  |
|  2 | pear   |
|  3 | banana |
|  8 | winter |
+----+--------+
4 rows in set (0.00 sec)

//再次查詢表bbb，之前pid=4的現在pdi已經更新成8
MariaDB [test]> select * from bbb;
+----+-----+------+
| id | pid | name |
+----+-----+------+
|  1 |   1 | 888  |
|  2 |   1 | 999  |
|  3 |   1 | 777  |
|  4 |   2 | 123  |
|  5 |   2 | 234  |
|  6 |   2 | 345  |
|  7 |   3 | 2200 |
|  8 |   3 | 0022 |
|  9 |   8 | aaaa |
| 10 |   8 | bbbb |
+----+-----+------+
10 rows in set (0.00 sec)

//測試級聯刪除，從表aaa中刪除id=1的數據
MariaDB [test]> delete from aaa where id=1;
Query OK, 1 row affected (0.05 sec)

//再次查詢表aaa，id=1的數據已經刪除
MariaDB [test]> select * from aaa;
+----+--------+
| id | name   |
+----+--------+
|  2 | pear   |
|  3 | banana |
|  8 | winter |
+----+--------+
3 rows in set (0.00 sec)

//再次查詢表bbb，pid=1的數據已經被刪除
MariaDB [test]> select * from bbb;
+----+-----+------+
| id | pid | name |
+----+-----+------+
|  4 |   2 | 123  |
|  5 |   2 | 234  |
|  6 |   2 | 345  |
|  7 |   3 | 2200 |
|  8 |   3 | 0022 |
|  9 |   8 | aaaa |
| 10 |   8 | bbbb |
+----+-----+------+
7 rows in set (0.00 sec)

MariaDB [test]>
```

---

**Note Time**：2015.05.25 10:50 Monday 上海 慧谷

---

`Blog Url`:<http://qingtianjiedu.com/blog/mariadb-foreign-key-on-delete-cacsadeon-update-cacsade/>
`Release Time`:2015-05-25
`BackUpTime`:2015.11.07 10:38
