#MariaDB使用CONVERT_TZ進行時區值換算

`CONVERT_TZ()`是MariaDB時間和日期函數中的一個，用於時間在時區間換算。

---
[TOC]

---

##格式
```
CONVERT_TZ(dt,from_tz,to_tz)
```
實例見該Blog[[鏈接](http://qingtianjiedu.com/blog/use_mysql_tzinfo_to_sql_import_zoneinfo_into_mysql_time_zone/)]


##實例1-mysql.time zone中已經導入zoneinfo數據

```sql
Last login: Thu Oct 15 13:59:15 2015 from 192.168.30.55
[flying@localhost ~]$ su
Password:
[root@localhost flying]# date +%c
Thu 15 Oct 2015 03:04:48 PM CST
[root@localhost flying]# whereis zoneinfo
zoneinfo: /usr/share/zoneinfo
[root@localhost flying]# mysql -uroot -p
Enter password:
Welcome to the MariaDB monitor.  Commands end with ; or \g.
Your MariaDB connection id is 4
Server version: 10.1.7-MariaDB MariaDB Server

Copyright (c) 2000, 2015, Oracle, MariaDB Corporation Ab and others.

Type 'help;' or '\h' for help. Type '\c' to clear the current input statement.

MariaDB [(none)]> select count(*) from mysql.time_zone;
+----------+
| count(*) |
+----------+
|     1750 |
+----------+
1 row in set (0.00 sec)

MariaDB [(none)]> select count(*) from mysql.time_zone_name;
+----------+
| count(*) |
+----------+
|     1750 |
+----------+
1 row in set (0.00 sec)

MariaDB [(none)]> select * from mysql.time_zone_name order by rand() limit 10;
+---------------------------------+--------------+
| Name                            | Time_zone_id |
+---------------------------------+--------------+
| Europe/Tallinn                  |          465 |
| posix/Asia/Kuala_Lumpur         |          863 |
| Africa/Malabo                   |           38 |
| posix/Europe/Luxembourg         |         1027 |
| posix/Eire                      |          966 |
| posix/Asia/Irkutsk              |          849 |
| posix/Asia/Damascus             |          838 |
| posix/America/Swift_Current     |          790 |
| posix/America/Argentina/Cordoba |          646 |
| posix/Europe/Uzhgorod           |         1051 |
+---------------------------------+--------------+
10 rows in set (0.04 sec)

MariaDB [(none)]> select now(6);
+----------------------------+
| now(6)                     |
+----------------------------+
| 2015-10-15 15:06:33.317447 |
+----------------------------+
1 row in set (0.00 sec)

MariaDB [(none)]> set @dt = now(6);
Query OK, 0 rows affected (0.00 sec)

MariaDB [(none)]> select @dt;
+----------------------------+
| @dt                        |
+----------------------------+
| 2015-10-15 15:06:58.618216 |
+----------------------------+
1 row in set (0.00 sec)

MariaDB [(none)]> select @dt as Shanghai,
    -> CONVERT_TZ(@dt,'Asia/Shanghai','Asia/Dubai') as Dubai,
    -> CONVERT_TZ(@dt,'Asia/Shanghai','Europe/Berlin') as Berlin,
    -> CONVERT_TZ(@dt,'Asia/Shanghai','Europe/Rome') as Rome,
    -> CONVERT_TZ(@dt,'Asia/Shanghai','America/New_York') as New_York,
    -> CONVERT_TZ(@dt,'Asia/Shanghai','America/Los_Angeles') as Los_Angeles,
    -> CONVERT_TZ(@dt,'Asia/Shanghai','America/Phoenix') as Phoenix,
    -> CONVERT_TZ(@dt,'Asia/Shanghai','America/TEST_NUMM') as TEST_NULL\G
*************************** 1. row ***************************
   Shanghai: 2015-10-15 15:06:58.618216
      Dubai: 2015-10-15 11:06:58.618216
     Berlin: 2015-10-15 09:06:58.618216
       Rome: 2015-10-15 09:06:58.618216
   New_York: 2015-10-15 03:06:58.618216
Los_Angeles: 2015-10-15 00:06:58.618216
    Phoenix: 2015-10-15 00:06:58.618216
  TEST_NULL: NULL
1 row in set (0.40 sec)

MariaDB [(none)]> select @dt as Shanghai,
    -> CONVERT_TZ(@dt,'+08:00','+01:00') as Berlin,
    -> CONVERT_TZ(@dt,'+08:00','+10:00') as Sydney,
    -> CONVERT_TZ(@dt,'+08:00','-05:00') as New_York,
    -> CONVERT_TZ(@dt,'+08:00','-08:00') as 'Los Angeles'\G
*************************** 1. row ***************************
   Shanghai: 2015-10-15 15:06:58.618216
     Berlin: 2015-10-15 08:06:58.618216
     Sydney: 2015-10-15 17:06:58.618216
   New_York: 2015-10-15 02:06:58.618216
Los Angeles: 2015-10-14 23:06:58.618216
1 row in set (0.00 sec)

MariaDB [(none)]>
```

由實例1知：
>1. 當`mysql.time zone`表導入zoneinfo數據後，使用time zone names可以正常進行時區時間換算；
>2. numeric time zones正常使用；
>3. 如果參數不正確，返回NULL值；


##實例2-mysql.time zone中爲空

```sql
Last login: Thu Oct 15 15:23:50 2015 from 192.168.30.55
[flying@localhost ~]$ su
Password:
[root@localhost flying]# date +%c
Thu 15 Oct 2015 03:24:46 PM CST
[root@localhost flying]# whereis zoneinfo
zoneinfo: /usr/share/zoneinfo
[root@localhost flying]# mysql -uroot -p -D mysql
Enter password:
Reading table information for completion of table and column names
You can turn off this feature to get a quicker startup with -A

Welcome to the MariaDB monitor.  Commands end with ; or \g.
Your MariaDB connection id is 3
Server version: 10.1.7-MariaDB MariaDB Server

Copyright (c) 2000, 2015, Oracle, MariaDB Corporation Ab and others.

Type 'help;' or '\h' for help. Type '\c' to clear the current input statement.

MariaDB [mysql]> show tables like '%zone%';
+---------------------------+
| Tables_in_mysql (%zone%)  |
+---------------------------+
| time_zone                 |
| time_zone_leap_second     |
| time_zone_name            |
| time_zone_transition      |
| time_zone_transition_type |
+---------------------------+
5 rows in set (0.00 sec)

MariaDB [mysql]> select count(*) from time_zone;
+----------+
| count(*) |
+----------+
|        0 |
+----------+
1 row in set (0.00 sec)

MariaDB [mysql]> select count(*) from time_zone_name;
+----------+
| count(*) |
+----------+
|        0 |
+----------+
1 row in set (0.00 sec)

MariaDB [mysql]> select now(6);
+----------------------------+
| now(6)                     |
+----------------------------+
| 2015-10-15 15:26:22.845571 |
+----------------------------+
1 row in set (0.00 sec)

MariaDB [mysql]> set @dt = now(6);
Query OK, 0 rows affected (0.00 sec)

MariaDB [mysql]> select @dt;
+----------------------------+
| @dt                        |
+----------------------------+
| 2015-10-15 15:26:34.734677 |
+----------------------------+
1 row in set (0.00 sec)

MariaDB [mysql]> select @dt as Shanghai,
    -> CONVERT_TZ(@dt,'Asia/Shanghai','Asia/Dubai') as Dubai,
    -> CONVERT_TZ(@dt,'Asia/Shanghai','Europe/Berlin') as Berlin,
    -> CONVERT_TZ(@dt,'Asia/Shanghai','America/New_York') as New_York,
    -> CONVERT_TZ(@dt,'Asia/Shanghai','America/TEST_NUMM') as TEST_NULL\G
*************************** 1. row ***************************
 Shanghai: 2015-10-15 15:26:34.734677
    Dubai: NULL
   Berlin: NULL
 New_York: NULL
TEST_NULL: NULL
1 row in set (0.00 sec)

MariaDB [mysql]> select @dt as Shanghai,
    -> CONVERT_TZ(@dt,'+08:00','+01:00') as Berlin,
    -> CONVERT_TZ(@dt,'+08:00','+10:00') as Sydney,
    -> CONVERT_TZ(@dt,'+08:00','-05:00') as New_York,
    -> CONVERT_TZ(@dt,'+08:00','-08:00') as 'Los Angeles'\G
*************************** 1. row ***************************
   Shanghai: 2015-10-15 15:26:34.734677
     Berlin: 2015-10-15 08:26:34.734677
     Sydney: 2015-10-15 17:26:34.734677
   New_York: 2015-10-15 02:26:34.734677
Los Angeles: 2015-10-14 23:26:34.734677
1 row in set (0.00 sec)

MariaDB [mysql]>
```

由實例2知：
>1. 當`mysql.time zone`表爲空時，使用time zone names無法正常進行時區時間換算，返回NULL值；
>2. numeric time zones正常使用；
>3. 如果參數不正確，返回NULL值；


##總結
>1. time zone names當且僅當mysql.time zone表中有zoneinfo數據時才能正常使用，否則返回NULL值；
>2. numeric time zones 不受zoneinfo影響；
>3. time zone names使用起來比numeric time zones較便捷，知道城市不一定知道所在時區，但需導入zoneinfo數據。


##參考資料
[CONVERT_TZ](https://mariadb.com/kb/en/mariadb/convert_tz/)
[Time Zones](https://mariadb.com/kb/en/mariadb/time-zones/)
[MariaDB使用mysql_tzinfo_to_sql導系統時區文件入庫](http://qingtianjiedu.com/blog/use_mysql_tzinfo_to_sql_import_zoneinfo_into_mysql_time_zone/)


---
**Note Time**：2015.10.15 15:42 Thursday 上海 慧谷

---

`Blog Url`:<http://qingtianjiedu.com/blog/use_convert_tz_convert_date_time_between_time_zones_in_mariadb/>
`Release Time`:2015-10-15
`BackUpTime`:2015.11.09 10:08
