#MariaDB中RENAME TABLE的兩個用途

MariaDB中`RENAME TABLE`使用的頻率並不高，主要有2個用途：
1. 用來重命名數據表名；

2. 跨數據庫移動數據表。
作用類似於Linux中的mv命令

```
RENAME TABLE tbl_name TO new_tbl_name
[, tbl_name2 TO new_tbl_name2] …
```

####相關操作

```sql
//本地登陸數據庫
[root@localhost ~]# mysql -u flying -p
Enter password:
Welcome to the MariaDB monitor.  Commands end with ; or \g.
Your MariaDB connection id is 15
Server version: 5.5.44-MariaDB MariaDB Server

Copyright (c) 2000, 2015, Oracle, MariaDB Corporation Ab and others.

Type 'help;' or '\h' for help. Type '\c' to clear the current input statement.

//列出所有的數據庫
MariaDB [(none)]> show databases;
+--------------------+
| Database           |
+--------------------+
| information_schema |
| bi                 |
| diysystem          |
| ds                 |
| isnapp             |
| mysql              |
| performance_schema |
+--------------------+
7 rows in set (0.00 sec)

//切換到數據庫isnapp
MariaDB [(none)]> use isnapp;
Reading table information for completion of table and column names
You can turn off this feature to get a quicker startup with -A

Database changed

//列出數據表名中含有product的數據表
MariaDB [isnapp]> show tables like '%product%';
+------------------------------+
| Tables_in_isnapp (%product%) |
+------------------------------+
| billing_product              |
| product                      |
| product_comment              |
| product_img                  |
+------------------------------+
4 rows in set (0.00 sec)

//建新表product_bak,從數據表product中獲取表結構
MariaDB [isnapp]> create table product_bak like product;
Query OK, 0 rows affected (0.11 sec)

//查看商品表product中數據條數
MariaDB [isnapp]> select count(*) from product;
+----------+
| count(*) |
+----------+
|  8836259 |
+----------+
1 row in set (25.09 sec)

//查看商品表product_bak中數據條數
MariaDB [isnapp]> select count(*) from product_bak;
+----------+
| count(*) |
+----------+
|        0 |
+----------+
1 row in set (0.02 sec)

//從數據表product中引數據到表product_bak
MariaDB [isnapp]> insert into product_bak select * from product;
Query OK, 8836259 rows affected (7 min 34.71 sec)
Records: 8836259  Duplicates: 0  Warnings: 0

//查看數據表product_bak中數據條數
MariaDB [isnapp]> select count(*) from product_bak;
+----------+
| count(*) |
+----------+
|  8836259 |
+----------+
1 row in set (23.52 sec)

//將數據表product_bak從數據庫isnapp中轉移到數據庫bi中，並命名爲product_new
MariaDB [isnapp]> rename table isnapp.product_bak to bi.product_new;
Query OK, 0 rows affected (0.05 sec)

//切換到數據庫bi
MariaDB [isnapp]> use bi;
Reading table information for completion of table and column names
You can turn off this feature to get a quicker startup with -A

Database changed

//列出數據庫bi下所有數據表
MariaDB [bi]> show tables;
+----------------------+
| Tables_in_bi         |
+----------------------+
| baidu_statistics     |
| billing_channel      |
| billing_ftquery      |
| billing_interns      |
| billing_members      |
| billing_product      |
| billing_recognize    |
| product_new          |
| rec_cat_hour         |
| rec_cat_hour_product |
| sign_log             |
| sys_level            |
| sys_member           |
| sys_menu             |
| sys_use_menu         |
+----------------------+
15 rows in set (0.00 sec)

//計算數據表product_new中數據條數
MariaDB [bi]> select count(*) from product_new;
+----------+
| count(*) |
+----------+
|  8836259 |
+----------+
1 row in set (17.98 sec)

//重命名數據表product_new爲ProductNew
MariaDB [bi]> rename table product_new to ProductNew;
Query OK, 0 rows affected (0.05 sec)

//列出數據表
MariaDB [bi]> show tables;
+----------------------+
| Tables_in_bi         |
+----------------------+
| ProductNew           |
| baidu_statistics     |
| billing_channel      |
| billing_ftquery      |
| billing_interns      |
| billing_members      |
| billing_product      |
| billing_recognize    |
| rec_cat_hour         |
| rec_cat_hour_product |
| sign_log             |
| sys_level            |
| sys_member           |
| sys_menu             |
| sys_use_menu         |
+----------------------+
15 rows in set (0.01 sec)

//列出含有duct的數據表
MariaDB [bi]> show tables like '%duct%';
+-----------------------+
| Tables_in_bi (%duct%) |
+-----------------------+
| ProductNew            |
| billing_product       |
| rec_cat_hour_product  |
+-----------------------+
3 rows in set (0.00 sec)

MariaDB [bi]>
```

####參考資料
[RENAME TABLE](https://mariadb.com/kb/en/mariadb/rename-table/)

---
**Note Time**：2015.09.08 15:28 Tuesday 上海 慧谷

---

`Blog Url`:<http://qingtianjiedu.com/blog/two-usage-about-rename-table-in-mariadb/>
`Release Time`:2015-09-08
`BackUpTime`:2015.11.08 13:24
