#[有疑問]MariaDB之JOIN類型和使用

1. [Introduction to JOINs](#introduction-to-joins)
2. [REC:inner,left,right join](#rec)
3. [HRS:inner,left,right join](#hrs)
4. [Question疑問](#question)
5. [數學計算](#mathematic_calculate)
6. [驗證](#驗證)
7. [參考資料](#參考資料)


關於JOIN，建議閱讀[[MARIADB: JOINS](http://www.techonthenet.com/mariadb/joins.php)]這篇文檔，有圖示，很形象。

<span id="introduction-to-joins"></span>
文檔[Introduction to JOINs](https://mariadb.com/kb/en/mariadb/introduction-to-joins/)中的例子

```sql
//變更sql結束符號爲&&
MariaDB [isnapp]> delimiter &&
MariaDB [isnapp]> CREATE TABLE t1 ( a INT );
    -> CREATE TABLE t2 ( b INT );
    -> INSERT INTO t1 VALUES (1), (2), (3);
    -> INSERT INTO t2 VALUES (2), (4);
    -> &&
Query OK, 0 rows affected (0.05 sec)

Query OK, 0 rows affected (0.08 sec)

Query OK, 3 rows affected (0.09 sec)
Records: 3  Duplicates: 0  Warnings: 0

Query OK, 2 rows affected (0.10 sec)
Records: 2  Duplicates: 0  Warnings: 0

//將sql結束符還原爲分號 ;
MariaDB [isnapp]> delimiter ;
MariaDB [isnapp]> SELECT * FROM t1 CROSS JOIN t2;
+------+------+
| a    | b    |
+------+------+
|    1 |    2 |
|    1 |    4 |
|    2 |    2 |
|    2 |    4 |
|    3 |    2 |
|    3 |    4 |
+------+------+
6 rows in set (0.00 sec)

MariaDB [isnapp]> SELECT count(*) FROM t1 CROSS JOIN t2;  
+----------+
| count(*) |
+----------+
|        6 |
+----------+
1 row in set (0.00 sec)

MariaDB [isnapp]> SELECT * FROM t1 INNER JOIN t2 ON t1.a = t2.b;
+------+------+
| a    | b    |
+------+------+
|    2 |    2 |
+------+------+
1 row in set (0.00 sec)

MariaDB [isnapp]> SELECT count(*) FROM t1 INNER JOIN t2 ON t1.a = t2.b;
+----------+
| count(*) |
+----------+
|        1 |
+----------+
1 row in set (0.00 sec)

MariaDB [isnapp]> SELECT * FROM t1 LEFT JOIN t2 ON t1.a = t2.b;
+------+------+
| a    | b    |
+------+------+
|    2 |    2 |
|    1 | NULL |
|    3 | NULL |
+------+------+
3 rows in set (0.00 sec)

MariaDB [isnapp]> SELECT count(*) FROM t1 LEFT JOIN t2 ON t1.a = t2.b;
+----------+
| count(*) |
+----------+
|        3 |
+----------+
1 row in set (0.00 sec)

MariaDB [isnapp]> SELECT * FROM t2 LEFT JOIN t1 ON t1.a = t2.b;
+------+------+
| b    | a    |
+------+------+
|    2 |    2 |
|    4 | NULL |
+------+------+
2 rows in set (0.00 sec)

MariaDB [isnapp]> SELECT count(*) FROM t2 LEFT JOIN t1 ON t1.a = t2.b;
+----------+
| count(*) |
+----------+
|        2 |
+----------+
1 row in set (0.00 sec)

MariaDB [isnapp]>
```

<span id="rec"></span>
####REC:inner,left,right join
```sql
//join
MariaDB [isnapp]> select count(b.id) as REC from match_history a join match_log b on a.id=b.match_id where a.gid=59;
+------+
| REC  |
+------+
| 1675 |
+------+
1 row in set (0.04 sec)

//inner join （inner join即join）
MariaDB [isnapp]> select count(b.id) as REC from match_history a inner join match_log b on a.id=b.match_id where a.gid=59;
+------+
| REC  |
+------+
| 1675 |
+------+
1 row in set (0.05 sec)

//left join
MariaDB [isnapp]> select count(b.id) as REC from match_history a left join match_log b on a.id=b.match_id where a.gid=59;
+------+
| REC  |
+------+
| 1675 |
+------+
1 row in set (0.04 sec)

//right join
MariaDB [isnapp]> select count(b.id) as REC from match_history a right join match_log b on a.id=b.match_id where a.gid=59;
+------+
| REC  |
+------+
| 1675 |
+------+
1 row in set (0.04 sec)

//left outer join （left outer join 即 left join）
MariaDB [isnapp]> select count(b.id) as REC from match_history a left outer join match_log b on a.id=b.match_id where a.gid=59;
+------+
| REC  |
+------+
| 1675 |
+------+
1 row in set (0.05 sec)

//right outer join (right outer join 即 right join)
MariaDB [isnapp]> select count(b.id) as REC from match_history a right outer join match_log b on a.id=b.match_id where a.gid=59;
+------+
| REC  |
+------+
| 1675 |
+------+
1 row in set (0.04 sec)

MariaDB [isnapp]>
```

<span id="hrs"></span>
HRS:inner,left,right join

```sql
//join
MariaDB [isnapp]> select count(b.id) as HRS from match_history a join match_hrs_log b on a.id=b.mid where a.gid=59;
+-------+
| HRS   |
+-------+
| 14277 |
+-------+
1 row in set (0.06 sec)

//inner join
MariaDB [isnapp]> select count(b.id) as HRS from match_history a inner join match_hrs_log b on a.id=b.mid where a.gid=59;
+-------+
| HRS   |
+-------+
| 14277 |
+-------+
1 row in set (0.05 sec)

//left join
MariaDB [isnapp]> select count(b.id) as HRS from match_history a left join match_hrs_log b on a.id=b.mid where a.gid=59;
+-------+
| HRS   |
+-------+
| 14277 |
+-------+
1 row in set (0.06 sec)

//left outer join
MariaDB [isnapp]> select count(b.id) as HRS from match_history a left outer join match_hrs_log b on a.id=b.mid where a.gid=59;
+-------+
| HRS   |
+-------+
| 14277 |
+-------+
1 row in set (0.05 sec)

//right join
MariaDB [isnapp]> select count(b.id) as HRS from match_history a right join match_hrs_log b on a.id=b.mid where a.gid=59;
+-------+
| HRS   |
+-------+
| 14277 |
+-------+
1 row in set (0.05 sec)

//right outer join
MariaDB [isnapp]> select count(b.id) as HRS from match_history a right outer join match_hrs_log b on a.id=b.mid where a.gid=59;
+-------+
| HRS   |
+-------+
| 14277 |
+-------+
1 row in set (0.06 sec)

MariaDB [isnapp]>
```

---

<span id="question"></span>
3張表進行聯表查詢，後2張表以第1張表爲母表，發現只有使用left join才能獲取準確數據[**擎天節度無法敘述原因**]

```sql
//用left join獲得準確數據
MariaDB [isnapp]> select count(b.id) as REC,count(c.id) as HRS from  match_history a left join match_log b on a.id=b.match_id left join match_hrs_log c on a.id=c.mid where a.gid=59;
+------+-------+
| REC  | HRS   |
+------+-------+
| 1675 | 14277 |
+------+-------+
1 row in set (0.06 sec)

//默認的內聯，獲得的數據錯誤
MariaDB [isnapp]> select count(b.id) as REC,count(c.id) as HRS from  match_history a join match_log b on a.id=b.match_id join match_hrs_log c on a.id=c.mid where a.gid=59;          
+-----+-----+
| REC | HRS |
+-----+-----+
|   6 |   6 |
+-----+-----+
1 row in set (0.04 sec)

//使用右聯，獲得的數據錯誤
MariaDB [isnapp]> select count(b.id) as REC,count(c.id) as HRS from  match_history a right join match_log b on a.id=b.match_id right join match_hrs_log c on a.id=c.mid where a.gid=59;        
+-----+-----+
| REC | HRS |
+-----+-----+
|   6 |   6 |
+-----+-----+
1 row in set (0.05 sec)

MariaDB [isnapp]> explain
    -> select count(b.id) as REC,count(c.id) as HRS from  match_history a join match_log b on a.id=b.match_id join match_hrs_log c on a.id=c.mid where a.gid=59;
+------+-------------+-------+------+----------------+----------+---------+-------------+------+-------------+
| id   | select_type | table | type | possible_keys  | key      | key_len | ref         | rows | Extra       |
+------+-------------+-------+------+----------------+----------+---------+-------------+------+-------------+
|    1 | SIMPLE      | a     | ref  | PRIMARY,id,gid | gid      | 4       | const       | 6571 | Using index |
|    1 | SIMPLE      | b     | ref  | match_id       | match_id | 4       | isnapp.a.id |    1 | Using index |
|    1 | SIMPLE      | c     | ref  | mid            | mid      | 4       | isnapp.a.id |    2 | Using index |
+------+-------------+-------+------+----------------+----------+---------+-------------+------+-------------+
3 rows in set (0.00 sec)

MariaDB [isnapp]> explain
    -> select count(b.id) as REC,count(c.id) as HRS from  match_history a left join match_log b on a.id=b.match_id left join match_hrs_log c on a.id=c.mid where a.gid=59;
+------+-------------+-------+------+---------------+----------+---------+-------------+------+-------------+
| id   | select_type | table | type | possible_keys | key      | key_len | ref         | rows | Extra       |
+------+-------------+-------+------+---------------+----------+---------+-------------+------+-------------+
|    1 | SIMPLE      | a     | ref  | gid           | gid      | 4       | const       | 6571 | Using index |
|    1 | SIMPLE      | b     | ref  | match_id      | match_id | 4       | isnapp.a.id |    1 | Using index |
|    1 | SIMPLE      | c     | ref  | mid           | mid      | 4       | isnapp.a.id |    2 | Using index |
+------+-------------+-------+------+---------------+----------+---------+-------------+------+-------------+
3 rows in set (0.01 sec)

MariaDB [isnapp]>
```

---

<span id="mathematic_calculate"></span>
####數學計算
2張表各種數據比對

```sql
MariaDB [isnapp]> select count(*) from match_history;
+----------+
| count(*) |
+----------+
|   188361 |
+----------+
1 row in set (0.07 sec)

MariaDB [isnapp]> select count(*) from match_log;
+----------+
| count(*) |
+----------+
|    86269 |
+----------+
1 row in set (0.04 sec)

MariaDB [isnapp]> select count(*) from match_history a join match_log b on a.id=b.match_id;
+----------+
| count(*) |
+----------+
|    86218 |
+----------+
1 row in set (0.10 sec)

MariaDB [isnapp]> select count(*) from match_history a left join match_log b on a.id=b.match_id;
+----------+
| count(*) |
+----------+
|   202545 |
+----------+
1 row in set (0.43 sec)

MariaDB [isnapp]> select count(*) from match_history a right join match_log b on a.id=b.match_id;      
+----------+
| count(*) |
+----------+
|    86269 |
+----------+
1 row in set (0.05 sec)

MariaDB [isnapp]>
```


按照MariaDB對JOIN定義，進行如下計算：
需求：分別求表match_history和表match_log各自能對應和不能對應另一張表的數據條數
解：
假令表match_history爲表a，表match_log爲表b，
由left join或right join獲得的count數分爲匹配數和不能匹配數2部分，
表a：匹配數a1，不能匹配數a2；在另一表中有匹配數據的數據有A1行，無匹配的有A2行；
表b：匹配數b1，不能匹配數b2；在另一表中有匹配數據的數據有B1行，無匹配的有B2行；

根據MariaDB中對JOIN的定義，可獲得如下等式

>A1 + A2 = 188361 (1)
B1 + B2 = 86269 (2)
a2 = A2 (3)
b2 = B2 (4)
a1 = 86218 (5)
a1 + a2 = 202545 (6)
b1 + b2 = 86269 (7)


經計算得到：
>a1=86218
a2=116327
A1=72034
A2=116327
b1=86218
b2=51
B1=86218
B2=51

即：
>表match_history能在表match_log中有匹配數據的數據數是70234條，無匹配數的數據數是116372條，其中匹配表match_log中的數據數是86218條；
表match_log能在表match_history中有匹配數據的數據數是86218條，無匹配數的數據數是51條，其中匹配表match_history中的數據數是86218條.


####驗證

```sql
MariaDB [isnapp]> select count(*) from match_history a left join match_log b on a.id=b.match_id where b.match_id is null;
+----------+
| count(*) |
+----------+
|   116327 |
+----------+
1 row in set (0.35 sec)

MariaDB [isnapp]> select count(*) from match_history a left join match_log b on a.id=b.match_id where b.match_id is not null;
+----------+
| count(*) |
+----------+
|    86218 |
+----------+
1 row in set (0.11 sec)

MariaDB [isnapp]> select count(*) from match_history a right join match_log b on a.id=b.match_id where a.id is null;   +----------+
| count(*) |
+----------+
|       51 |
+----------+
1 row in set (0.10 sec)

MariaDB [isnapp]> select count(*) from match_history a right join match_log b on a.id=b.match_id where a.id is not null;
+----------+
| count(*) |
+----------+
|    86218 |
+----------+
1 row in set (0.11 sec)

MariaDB [isnapp]>
```

---

####參考資料
[MARIADB: JOINS](http://www.techonthenet.com/mariadb/joins.php)
[Joins](https://mariadb.com/kb/en/mariadb/joins/)
[Introduction to JOINs](https://mariadb.com/kb/en/mariadb/introduction-to-joins/)
[JOIN Syntax](https://mariadb.com/kb/en/mariadb/join-syntax/)
[More Advanced Joins](http://more%20advanced%20joins/)
[Comma vs JOIN](https://mariadb.com/kb/en/mariadb/comma-vs-join/)
[Nested Join Optimization](http://dev.mysql.com/doc/refman/5.1/en/nested-join-optimization.html)
[Using MySQL, Joins](http://www.keithjbrown.co.uk/vworks/mysql/mysql_p5.php)


---
**Note Time**：2015.09.25 15:59 Friday 上海 慧谷

---

`Blog Url`:<http://qingtianjiedu.com/blog/mariadb-join-type-and-use/>
`Release Time`:2015-09-25
`BackUpTime`:2015.11.08 14:08
