#MariaDB-TIMESTAMP初窺

`TIMESTAMP`是MariaDB日期和時間數據類型中的一種，存儲空間4個字節(Byte)，格式`YYYY-MM-DD HH:MM:DD`。
擎天節度此前在開發中使用`int(10) unsigned`存儲10位時間戳，但涉及日期和時間類型轉換時，不是很方便，需要先用`FROM_UNIXTIME`將數據轉換成`TIMESTAMP`格式數據再處理。
現在嘗試窺探`TIMESTAMP`一二。

---
[TOC]


---

##連接數據庫，創建測試數據表test1
```sql
Last login: Tue Sep 29 15:00:52 2015 from 192.168.30.69
[flying@localhost ~]$ su
Password:
[root@localhost flying]# mysql -uroot -p
Enter password:
Welcome to the MariaDB monitor.  Commands end with ; or \g.
Your MariaDB connection id is 4
Server version: 10.1.7-MariaDB MariaDB Server

Copyright (c) 2000, 2015, Oracle, MariaDB Corporation Ab and others.

Type 'help;' or '\h' for help. Type '\c' to clear the current input statement.

//假如存在數據庫dataType則刪除
MariaDB [(none)]> drop database if exists dateType;
Query OK, 0 rows affected, 1 warning (0.00 sec)

//如果數據庫dateType不存在則創建
MariaDB [(none)]> create database if not exists dateType;
Query OK, 1 row affected (0.00 sec)

//使用數據庫dateType
MariaDB [(none)]> use dateType;                          
Database changed

//顯示該數據庫下所有表
MariaDB [dateType]> show tables;
Empty set (0.00 sec)

//創建數據表test1
MariaDB [dateType]> create table if not exists test1(
    -> id int(10) unsigned not null auto_increment primary key comment '自增id',
    -> format1 timestamp,
    -> format2 timestamp default current_timestamp,
    -> format3 timestamp default current_timestamp on update current_timestamp,
    -> format4 timestamp null,
    -> format5 timestamp null on update current_timestamp
    -> )engine=innodb default charset=utf8 collate=utf8_general_ci comment 'timestamp各種形式測試';
Query OK, 0 rows affected (0.13 sec)

//查看數據表字段類型
MariaDB [dateType]> desc test1;
+---------+------------------+------+-----+-------------------+-----------------------------+
| Field   | Type             | Null | Key | Default           | Extra                       |
+---------+------------------+------+-----+-------------------+-----------------------------+
| id      | int(10) unsigned | NO   | PRI | NULL              | auto_increment              |
| format1 | timestamp        | NO   |     | CURRENT_TIMESTAMP | on update CURRENT_TIMESTAMP |
| format2 | timestamp        | NO   |     | CURRENT_TIMESTAMP |                             |
| format3 | timestamp        | NO   |     | CURRENT_TIMESTAMP | on update CURRENT_TIMESTAMP |
| format4 | timestamp        | YES  |     | NULL              |                             |
| format5 | timestamp        | YES  |     | NULL              | on update CURRENT_TIMESTAMP |
+---------+------------------+------+-----+-------------------+-----------------------------+
6 rows in set (0.04 sec)

//查看建表語句
MariaDB [dateType]> show create table test1\G
*************************** 1. row ***************************
       Table: test1
Create Table: CREATE TABLE `test1` (
  `id` int(10) unsigned NOT NULL AUTO_INCREMENT COMMENT '自增id',
  `format1` timestamp NOT NULL DEFAULT CURRENT_TIMESTAMP ON UPDATE CURRENT_TIMESTAMP,
  `format2` timestamp NOT NULL DEFAULT CURRENT_TIMESTAMP,
  `format3` timestamp NOT NULL DEFAULT CURRENT_TIMESTAMP ON UPDATE CURRENT_TIMESTAMP,
  `format4` timestamp NULL DEFAULT NULL,
  `format5` timestamp NULL DEFAULT NULL ON UPDATE CURRENT_TIMESTAMP,
  PRIMARY KEY (`id`)
) ENGINE=InnoDB DEFAULT CHARSET=utf8 COMMENT='timestamp各種形式測試'
1 row in set (0.00 sec)

MariaDB [dateType]>
```

###分析
1. 由format1和format3知：建表時如果字段類型設置爲timestamp，不手動添加其它約束，等效於添加了`Default=CURRENT_TIMESTAMP`,Extra參數 `on update CURRENT_TIMESTAMP`，默認非空
2. 由format4和format5知:建表時如果字段類型設置爲`timestamp`，且添加`NULL`約束，則Extra中無默認參數


---

##數據插入測試1
```sql
MariaDB [dateType]> insert into test1 set format1 = null;
Query OK, 1 row affected (0.05 sec)

MariaDB [dateType]> select * from test1\G
*************************** 1. row ***************************
     id: 1
format1: 2015-09-29 16:37:14
format2: 2015-09-29 16:37:14
format3: 2015-09-29 16:37:14
format4: NULL
format5: NULL
1 row in set (0.00 sec)

MariaDB [dateType]> insert into test1 set format4 = now();
Query OK, 1 row affected (0.05 sec)

MariaDB [dateType]> select * from test1 where id=2\G      
*************************** 1. row ***************************
     id: 2
format1: 2015-09-29 16:38:16
format2: 2015-09-29 16:38:16
format3: 2015-09-29 16:38:16
format4: 2015-09-29 16:38:16
format5: NULL
1 row in set (0.00 sec)

MariaDB [dateType]> insert into test1 set format5 = now();
Query OK, 1 row affected (0.05 sec)

MariaDB [dateType]> select * from test1 where id=3\G      
*************************** 1. row ***************************
     id: 3
format1: 2015-09-29 16:39:21
format2: 2015-09-29 16:39:21
format3: 2015-09-29 16:39:21
format4: NULL
format5: 2015-09-29 16:39:21
1 row in set (0.00 sec)

MariaDB [dateType]> insert into test1 set format2 = now();
Query OK, 1 row affected (0.05 sec)

MariaDB [dateType]> select * from test1 where id=4\G      
*************************** 1. row ***************************
     id: 4
format1: 2015-09-29 16:40:37
format2: 2015-09-29 16:40:37
format3: 2015-09-29 16:40:37
format4: NULL
format5: NULL
1 row in set (0.01 sec)

MariaDB [dateType]> insert into test1 set format2 = null;
Query OK, 1 row affected (0.04 sec)

MariaDB [dateType]> select * from test1 where id=5\G     
*************************** 1. row ***************************
     id: 5
format1: 2015-09-29 16:41:40
format2: 2015-09-29 16:41:40
format3: 2015-09-29 16:41:40
format4: NULL
format5: NULL
1 row in set (0.00 sec)

MariaDB [dateType]> select * from test1;
+----+---------------------+---------------------+---------------------+---------------------+---------------------+
| id | format1             | format2             | format3             | format4             | format5             |
+----+---------------------+---------------------+---------------------+---------------------+---------------------+
|  1 | 2015-09-29 16:37:14 | 2015-09-29 16:37:14 | 2015-09-29 16:37:14 | NULL                | NULL                |
|  2 | 2015-09-29 16:38:16 | 2015-09-29 16:38:16 | 2015-09-29 16:38:16 | 2015-09-29 16:38:16 | NULL                |
|  3 | 2015-09-29 16:39:21 | 2015-09-29 16:39:21 | 2015-09-29 16:39:21 | NULL                | 2015-09-29 16:39:21 |
|  4 | 2015-09-29 16:40:37 | 2015-09-29 16:40:37 | 2015-09-29 16:40:37 | NULL                | NULL                |
|  5 | 2015-09-29 16:41:40 | 2015-09-29 16:41:40 | 2015-09-29 16:41:40 | NULL                | NULL                |
+----+---------------------+---------------------+---------------------+---------------------+---------------------+
5 rows in set (0.00 sec)

MariaDB [dateType]>
```

###分析
1. id=1設置format1 = null，結果format1、format2、format3的值都是當前時間，format4、format5值爲NULL————說明是Default=CURRENT_TIMESTAMP的作用；
2. id=2設置format4=now()，結果format1、format2、format3、format4的值都是當前時間，format5值爲NULL————說明當Default是NULL時，只受插入數據影響；
3. id=3設置format4=now()，結論與2同；
4. id=4設置format2=now()，結論與1同；
5. id=5設置format2=null，結果format1、format2、format3的值仍是當前時間，format4、format5值爲NULL————說明當Default=CURRENT_TIMESTAMP時，不管是否有插入值或是否設置數據，都以當前時間入庫，結論與1類似；


---
##數據插入測試2

```sql
MariaDB [dateType]> insert into test1 set format1=0;     
Query OK, 1 row affected (0.01 sec)

MariaDB [dateType]> insert into test1 set format2=0;
Query OK, 1 row affected (0.05 sec)

MariaDB [dateType]> insert into test1 set format4=0;
Query OK, 1 row affected (0.07 sec)

MariaDB [dateType]> insert into test1 set format5=0;
Query OK, 1 row affected (0.04 sec)

MariaDB [dateType]> select * from test1 where id>5;
+----+---------------------+---------------------+---------------------+---------------------+---------------------+
| id | format1             | format2             | format3             | format4             | format5             |
+----+---------------------+---------------------+---------------------+---------------------+---------------------+
|  6 | 0000-00-00 00:00:00 | 2015-09-29 17:00:29 | 2015-09-29 17:00:29 | NULL                | NULL                |
|  7 | 2015-09-29 17:00:33 | 0000-00-00 00:00:00 | 2015-09-29 17:00:33 | NULL                | NULL                |
|  8 | 2015-09-29 17:00:38 | 2015-09-29 17:00:38 | 2015-09-29 17:00:38 | 0000-00-00 00:00:00 | NULL                |
|  9 | 2015-09-29 17:00:43 | 2015-09-29 17:00:43 | 2015-09-29 17:00:43 | NULL                | 0000-00-00 00:00:00 |
+----+---------------------+---------------------+---------------------+---------------------+---------------------+
4 rows in set (0.00 sec)

MariaDB [dateType]>
```

###分析
插入字段值爲0時，相關的字段結果顯示都是`0000-00-00 00:00:00`，而其它字段結果顯示與“數據插入測試1”同。
至於原因，MariaDB文檔TIMESTAMP的Limitations一節中有提到：
>Because the TIMESTAMP value is stored as Epoch Seconds, the timestamp value ‘1970-01-01 00:00:00′ (UTC) is reserved since the second #0 is used to represent ‘0000-00-00 00:00:00′.

---
##數據更新測試1
```sql
MariaDB [dateType]> update test1 set format2=now() where id=1;
Query OK, 1 row affected (0.02 sec)
Rows matched: 1  Changed: 1  Warnings: 0

MariaDB [dateType]> select * from test1 where id=1\G
*************************** 1. row ***************************
     id: 1
format1: 2015-09-29 17:13:33
format2: 2015-09-29 17:13:33
format3: 2015-09-29 17:13:33
format4: NULL
format5: 2015-09-29 17:13:33
1 row in set (0.01 sec)

MariaDB [dateType]> update test1 set format3=now() where id=1;
Query OK, 1 row affected (0.04 sec)
Rows matched: 1  Changed: 1  Warnings: 0

MariaDB [dateType]> select * from test1 where id=1\G          
*************************** 1. row ***************************
     id: 1
format1: 2015-09-29 17:15:35
format2: 2015-09-29 17:13:33
format3: 2015-09-29 17:15:35
format4: NULL
format5: 2015-09-29 17:15:35
1 row in set (0.00 sec)

MariaDB [dateType]> update test1 set format4=now() where id=1;
Query OK, 1 row affected (0.06 sec)
Rows matched: 1  Changed: 1  Warnings: 0

MariaDB [dateType]> select * from test1 where id=1\G          
*************************** 1. row ***************************
     id: 1
format1: 2015-09-29 17:16:28
format2: 2015-09-29 17:13:33
format3: 2015-09-29 17:16:28
format4: 2015-09-29 17:16:28
format5: 2015-09-29 17:16:28
1 row in set (0.00 sec)

MariaDB [dateType]> update test1 set format5=now() where id=1;
Query OK, 1 row affected (0.05 sec)
Rows matched: 1  Changed: 1  Warnings: 0

MariaDB [dateType]> select * from test1 where id=1\G          
*************************** 1. row ***************************
     id: 1
format1: 2015-09-29 17:17:49
format2: 2015-09-29 17:13:33
format3: 2015-09-29 17:17:49
format4: 2015-09-29 17:16:28
format5: 2015-09-29 17:17:49
1 row in set (0.00 sec)

MariaDB [dateType]>
```

###分析
原始數據：結果format1、format2、format3的值都是當前時間，format4、format5值爲NULL
1. 更新id=1的format2=now()時，format1、format2、format3、format5的值全部更新爲當前時間，format4值爲NULL。format1、format3、format5是受Extra參數 `on update CURRENT_TIMESTAMP`影響，format2因更新爲now()改變————說明在更新數據時，只要Extra有參數 `on update CURRENT_TIMESTAMP`，該字段值會自動更新。
2. 更新id=1的format3=now()時，format1、format3、format5的值全部更新爲當前時間，format2的值仍是上一次操作時的時間，format4值爲NULL————結論與1同
3. 更新id=1的format4=now()時，format1、format3、format4、format5的值全部更新爲當前時間，format2的值仍是上一次操作時的時間。format1、format3、format5是受Extra參數 `on update CURRENT_TIMESTAMP`影響，format4因更新爲now()改變————結論與1同；
4. 更新id=1的format5=now()時，format1、format3、format5的值全部更新爲當前時間，format2、format4的值仍是之前的時間，format1、format3是受Extra參數 `on update CURRENT_TIMESTAMP`響，format5可能因更新爲now()而改變也可能是受Extra參數影響————結論與1同

---
##數據更新測試2
```sql
MariaDB [dateType]> update test1 set format1=0 where id=1;      
Query OK, 1 row affected (0.04 sec)
Rows matched: 1  Changed: 1  Warnings: 0

MariaDB [dateType]> select * from test1 where id=1\G      
*************************** 1. row ***************************
     id: 1
format1: 0000-00-00 00:00:00
format2: 2015-09-29 17:13:33
format3: 2015-09-29 17:45:43
format4: 2015-09-29 17:16:28
format5: 2015-09-29 17:45:43
1 row in set (0.00 sec)

MariaDB [dateType]> update test1 set format2=0 where id=1;
Query OK, 1 row affected (0.04 sec)
Rows matched: 1  Changed: 1  Warnings: 0

MariaDB [dateType]> select * from test1 where id=1\G      
*************************** 1. row ***************************
     id: 1
format1: 2015-09-29 17:46:08
format2: 0000-00-00 00:00:00
format3: 2015-09-29 17:46:08
format4: 2015-09-29 17:16:28
format5: 2015-09-29 17:46:08
1 row in set (0.00 sec)

MariaDB [dateType]> update test1 set format4=0 where id=1;
Query OK, 1 row affected (0.04 sec)
Rows matched: 1  Changed: 1  Warnings: 0

MariaDB [dateType]> select * from test1 where id=1\G      
*************************** 1. row ***************************
     id: 1
format1: 2015-09-29 17:46:24
format2: 0000-00-00 00:00:00
format3: 2015-09-29 17:46:24
format4: 0000-00-00 00:00:00
format5: 2015-09-29 17:46:24
1 row in set (0.00 sec)

MariaDB [dateType]> update test1 set format5=0 where id=1;
Query OK, 1 row affected (0.04 sec)
Rows matched: 1  Changed: 1  Warnings: 0

MariaDB [dateType]> select * from test1 where id=1\G      
*************************** 1. row ***************************
     id: 1
format1: 2015-09-29 17:46:34
format2: 0000-00-00 00:00:00
format3: 2015-09-29 17:46:34
format4: 0000-00-00 00:00:00
format5: 0000-00-00 00:00:00
1 row in set (0.00 sec)

MariaDB [dateType]>
```

###分析
1. 更新id=1的format1=0時，format1的值更新爲“0000-00-00 00:00:00”，format3、format5自動更新爲當前時間，format2、format4仍是之前時間未改變，結論與“數據插入測試2”同；
2. 更新id=1的format2=0時，format2的值更新爲`0000-00-00 00:00:00`，format1、format3、format5自動更新爲當前時間，format4仍是之前時間未改變，結論與“數據插入測試1”和“數據插入測試2”同；
3. 更新id=1的format4=0時，format2仍是之前值，format4的值更新爲`0000-00-00 00:00:00`，format1、format3、format5自動更新爲當前時間，結論與“數據插入測試2”同；
4. 更新id=1的format5=0時，format2、format4仍是之前值，format5的值更新爲`0000-00-00 00:00:00`，format1、format3自動更新爲當前時間，format2、format4因爲沒有Extra參數 `on update CURRENT_TIMESTAMP`數據不變。

---
##測試小結
1. TIMESTAMP存儲空間4個字節(Byte)，格式`YYYY-MM-DD HH:MM:DD`；
2. 建表時，如果只設置數據類型爲timestamp，不設其它約束條件，則默認等效於添加了Default=CURRENT_TIMESTAMP,Extra參數 `on update CURRENT_TIMESTAMP`；
3. 數據更新時，如果有Extra參數 `on update CURRENT_TIMESTAMP`，不管該字段是否有更新，都會自動更新爲當前時間；如果默認值是NULL，則只有手動更新時纔會更新數據；
4. 插入數據時，如果插入值是0，則該字段數據顯示爲`0000-00-00 00:00:00`；

---

##參考資料
[TIMESTAMP](https://mariadb.com/kb/en/mariadb/timestamp/)
[MARIADB: TIMESTAMP FUNCTION](http://www.techonthenet.com/mariadb/functions/timestamp.php)
[NOW](https://mariadb.com/kb/en/mariadb/now/)
[Standard syntaxes](https://mariadb.com/kb/en/mariadb/date-and-time-literals/)

---
**Note Time**：2015.09.29 18:06 Tuesday 上海 慧谷

---

`Blog Url`:<http://qingtianjiedu.com/blog/glimpse-of-mariadb-timestamp/>
`Release Time`:2015-09-29
`BackUpTime`:2015.11.08 18:17
